 Image my-new-project-backend Building 
#1 [internal] load local bake definitions
#1 reading from stdin 557B done
#1 DONE 0.0s

#2 [internal] load build definition from Dockerfile
#2 transferring dockerfile: 331B done
#2 DONE 0.0s

#3 [internal] load metadata for docker.io/library/eclipse-temurin:17-jre
#3 DONE 0.2s

#4 [internal] load metadata for docker.io/library/maven:3.9.8-eclipse-temurin-17
#4 DONE 0.2s

#5 [internal] load .dockerignore
#5 transferring context: 78B done
#5 DONE 0.0s

#6 [internal] load build context
#6 DONE 0.0s

#7 [build 1/4] FROM docker.io/library/maven:3.9.8-eclipse-temurin-17@sha256:d62e34e458c64b13e7a38ec055264082b4235a1ea2c3b3d881ad04d6ca20311e
#7 resolve docker.io/library/maven:3.9.8-eclipse-temurin-17@sha256:d62e34e458c64b13e7a38ec055264082b4235a1ea2c3b3d881ad04d6ca20311e 0.0s done
#7 DONE 0.1s

#8 [stage-1 1/3] FROM docker.io/library/eclipse-temurin:17-jre@sha256:3443191793fb27f7df8bab42821d149eec9e280ab28e816e713387548c4dfcc6
#8 resolve docker.io/library/eclipse-temurin:17-jre@sha256:3443191793fb27f7df8bab42821d149eec9e280ab28e816e713387548c4dfcc6 0.0s done
#8 DONE 0.1s

#9 [build 2/4] WORKDIR /workspace
#9 CACHED

#10 [stage-1 2/3] WORKDIR /app
#10 CACHED

#6 [internal] load build context
#6 transferring context: 3.20kB done
#6 DONE 0.0s

#11 [build 3/4] COPY . /workspace
#11 DONE 0.1s

#12 [build 4/4] RUN mvn -B -DskipTests package
#12 1.345 [INFO] Scanning for projects...
#12 1.568 [INFO] Downloading from central: https://repo.maven.apache.org/maven2/org/springframework/boot/spring-boot-starter-parent/3.2.12/spring-boot-starter-parent-3.2.12.pom
#12 2.326 [INFO] Downloaded from central: https://repo.maven.apache.org/maven2/org/springframework/boot/spring-boot-starter-parent/3.2.12/spring-boot-starter-parent-3.2.12.pom (13 kB at 17 kB/s)
#12 2.346 [INFO] Downloading from central: https://repo.maven.apache.org/maven2/org/springframework/boot/spring-boot-dependencies/3.2.12/spring-boot-dependencies-3.2.12.pom
#12 2.547 [INFO] Downloaded from central: https://repo.maven.apache.org/maven2/org/springframework/boot/spring-boot-dependencies/3.2.12/spring-boot-dependencies-3.2.12.pom (116 kB at 575 kB/s)
#12 2.582 [INFO] Downloading from central: https://repo.maven.apache.org/maven2/org/assertj/assertj-bom/3.24.2/assertj-bom-3.24.2.pom
#12 2.786 [INFO] Downloaded from central: https://repo.maven.apache.org/maven2/org/assertj/assertj-bom/3.24.2/assertj-bom-3.24.2.pom (3.7 kB at 18 kB/s)
#12 2.790 [INFO] Downloading from central: https://repo.maven.apache.org/maven2/io/zipkin/brave/brave-bom/5.16.0/brave-bom-5.16.0.pom
#12 2.991 [INFO] Downloaded from central: https://repo.maven.apache.org/maven2/io/zipkin/brave/brave-bom/5.16.0/brave-bom-5.16.0.pom (12 kB at 60 kB/s)
#12 2.995 [INFO] Downloading from central: https://repo.maven.apache.org/maven2/io/zipkin/reporter2/zipkin-reporter-bom/2.16.3/zipkin-reporter-bom-2.16.3.pom
#12 3.193 [INFO] Downloaded from central: https://repo.maven.apache.org/maven2/io/zipkin/reporter2/zipkin-reporter-bom/2.16.3/zipkin-reporter-bom-2.16.3.pom (6.9 kB at 35 kB/s)
#12 3.198 [INFO] Downloading from central: https://repo.maven.apache.org/maven2/com/datastax/oss/java-driver-bom/4.17.0/java-driver-bom-4.17.0.pom
#12 3.392 [INFO] Downloaded from central: https://repo.maven.apache.org/maven2/com/datastax/oss/java-driver-bom/4.17.0/java-driver-bom-4.17.0.pom (4.1 kB at 21 kB/s)
#12 3.397 [INFO] Downloading from central: https://repo.maven.apache.org/maven2/io/dropwizard/metrics/metrics-bom/4.2.28/metrics-bom-4.2.28.pom
#12 3.596 [INFO] Downloaded from central: https://repo.maven.apache.org/maven2/io/dropwizard/metrics/metrics-bom/4.2.28/metrics-bom-4.2.28.pom (8.4 kB at 42 kB/s)
#12 3.598 [INFO] Downloading from central: https://repo.maven.apache.org/maven2/io/dropwizard/metrics/metrics-parent/4.2.28/metrics-parent-4.2.28.pom
#12 3.800 [INFO] Downloaded from central: https://repo.maven.apache.org/maven2/io/dropwizard/metrics/metrics-parent/4.2.28/metrics-parent-4.2.28.pom (21 kB at 102 kB/s)
#12 3.806 [INFO] Downloading from central: https://repo.maven.apache.org/maven2/org/glassfish/jaxb/jaxb-bom/4.0.5/jaxb-bom-4.0.5.pom
#12 4.003 [INFO] Downloaded from central: https://repo.maven.apache.org/maven2/org/glassfish/jaxb/jaxb-bom/4.0.5/jaxb-bom-4.0.5.pom (12 kB at 59 kB/s)
#12 4.006 [INFO] Downloading from central: https://repo.maven.apache.org/maven2/org/eclipse/ee4j/project/1.0.9/project-1.0.9.pom
#12 4.200 [INFO] Downloaded from central: https://repo.maven.apache.org/maven2/org/eclipse/ee4j/project/1.0.9/project-1.0.9.pom (16 kB at 83 kB/s)
#12 4.204 [INFO] Downloading from central: https://repo.maven.apache.org/maven2/org/apache/groovy/groovy-bom/4.0.24/groovy-bom-4.0.24.pom
#12 4.409 [INFO] Downloaded from central: https://repo.maven.apache.org/maven2/org/apache/groovy/groovy-bom/4.0.24/groovy-bom-4.0.24.pom (27 kB at 133 kB/s)
#12 4.413 [INFO] Downloading from central: https://repo.maven.apache.org/maven2/org/infinispan/infinispan-bom/14.0.33.Final/infinispan-bom-14.0.33.Final.pom
#12 4.613 [INFO] Downloaded from central: https://repo.maven.apache.org/maven2/org/infinispan/infinispan-bom/14.0.33.Final/infinispan-bom-14.0.33.Final.pom (25 kB at 123 kB/s)
#12 4.616 [INFO] Downloading from central: https://repo.maven.apache.org/maven2/org/infinispan/infinispan-build-configuration-parent/14.0.33.Final/infinispan-build-configuration-parent-14.0.33.Final.pom
#12 4.813 [INFO] Downloaded from central: https://repo.maven.apache.org/maven2/org/infinispan/infinispan-build-configuration-parent/14.0.33.Final/infinispan-build-configuration-parent-14.0.33.Final.pom (24 kB at 123 kB/s)
#12 4.818 [INFO] Downloading from central: https://repo.maven.apache.org/maven2/org/jboss/jboss-parent/39/jboss-parent-39.pom
#12 5.026 [INFO] Downloaded from central: https://repo.maven.apache.org/maven2/org/jboss/jboss-parent/39/jboss-parent-39.pom (68 kB at 326 kB/s)
#12 5.037 [INFO] Downloading from central: https://repo.maven.apache.org/maven2/com/fasterxml/jackson/jackson-bom/2.15.4/jackson-bom-2.15.4.pom
#12 5.239 [INFO] Downloaded from central: https://repo.maven.apache.org/maven2/com/fasterxml/jackson/jackson-bom/2.15.4/jackson-bom-2.15.4.pom (18 kB at 89 kB/s)
#12 5.244 [INFO] Downloading from central: https://repo.maven.apache.org/maven2/com/fasterxml/jackson/jackson-parent/2.15/jackson-parent-2.15.pom
#12 5.443 [INFO] Downloaded from central: https://repo.maven.apache.org/maven2/com/fasterxml/jackson/jackson-parent/2.15/jackson-parent-2.15.pom (6.5 kB at 33 kB/s)
#12 5.446 [INFO] Downloading from central: https://repo.maven.apache.org/maven2/com/fasterxml/oss-parent/50/oss-parent-50.pom
#12 5.643 [INFO] Downloaded from central: https://repo.maven.apache.org/maven2/com/fasterxml/oss-parent/50/oss-parent-50.pom (24 kB at 120 kB/s)
#12 5.649 [INFO] Downloading from central: https://repo.maven.apache.org/maven2/org/glassfish/jersey/jersey-bom/3.1.9/jersey-bom-3.1.9.pom
#12 5.848 [INFO] Downloaded from central: https://repo.maven.apache.org/maven2/org/glassfish/jersey/jersey-bom/3.1.9/jersey-bom-3.1.9.pom (21 kB at 104 kB/s)
#12 5.853 [INFO] Downloading from central: https://repo.maven.apache.org/maven2/org/eclipse/jetty/ee10/jetty-ee10-bom/12.0.15/jetty-ee10-bom-12.0.15.pom
#12 6.053 [INFO] Downloaded from central: https://repo.maven.apache.org/maven2/org/eclipse/jetty/ee10/jetty-ee10-bom/12.0.15/jetty-ee10-bom-12.0.15.pom (9.6 kB at 48 kB/s)
#12 6.056 [INFO] Downloading from central: https://repo.maven.apache.org/maven2/org/eclipse/jetty/jetty-bom/12.0.15/jetty-bom-12.0.15.pom
#12 6.253 [INFO] Downloaded from central: https://repo.maven.apache.org/maven2/org/eclipse/jetty/jetty-bom/12.0.15/jetty-bom-12.0.15.pom (14 kB at 73 kB/s)
#12 6.256 [INFO] Downloading from central: https://repo.maven.apache.org/maven2/org/junit/junit-bom/5.10.5/junit-bom-5.10.5.pom
#12 6.461 [INFO] Downloaded from central: https://repo.maven.apache.org/maven2/org/junit/junit-bom/5.10.5/junit-bom-5.10.5.pom (5.6 kB at 28 kB/s)
#12 6.465 [INFO] Downloading from central: https://repo.maven.apache.org/maven2/org/jetbrains/kotlin/kotlin-bom/1.9.25/kotlin-bom-1.9.25.pom
#12 6.662 [INFO] Downloaded from central: https://repo.maven.apache.org/maven2/org/jetbrains/kotlin/kotlin-bom/1.9.25/kotlin-bom-1.9.25.pom (9.1 kB at 47 kB/s)
#12 6.664 [INFO] Downloading from central: https://repo.maven.apache.org/maven2/org/jetbrains/kotlinx/kotlinx-coroutines-bom/1.7.3/kotlinx-coroutines-bom-1.7.3.pom
#12 6.863 [INFO] Downloaded from central: https://repo.maven.apache.org/maven2/org/jetbrains/kotlinx/kotlinx-coroutines-bom/1.7.3/kotlinx-coroutines-bom-1.7.3.pom (4.3 kB at 22 kB/s)
#12 6.866 [INFO] Downloading from central: https://repo.maven.apache.org/maven2/org/jetbrains/kotlinx/kotlinx-serialization-bom/1.6.3/kotlinx-serialization-bom-1.6.3.pom
#12 7.058 [INFO] Downloaded from central: https://repo.maven.apache.org/maven2/org/jetbrains/kotlinx/kotlinx-serialization-bom/1.6.3/kotlinx-serialization-bom-1.6.3.pom (3.7 kB at 19 kB/s)
#12 7.060 [INFO] Downloading from central: https://repo.maven.apache.org/maven2/org/apache/logging/log4j/log4j-bom/2.21.1/log4j-bom-2.21.1.pom
#12 7.259 [INFO] Downloaded from central: https://repo.maven.apache.org/maven2/org/apache/logging/log4j/log4j-bom/2.21.1/log4j-bom-2.21.1.pom (12 kB at 63 kB/s)
#12 7.261 [INFO] Downloading from central: https://repo.maven.apache.org/maven2/org/apache/logging/logging-parent/10.1.1/logging-parent-10.1.1.pom
#12 7.462 [INFO] Downloaded from central: https://repo.maven.apache.org/maven2/org/apache/logging/logging-parent/10.1.1/logging-parent-10.1.1.pom (39 kB at 195 kB/s)
#12 7.466 [INFO] Downloading from central: https://repo.maven.apache.org/maven2/org/apache/apache/30/apache-30.pom
#12 7.658 [INFO] Downloaded from central: https://repo.maven.apache.org/maven2/org/apache/apache/30/apache-30.pom (23 kB at 121 kB/s)
#12 7.671 [INFO] Downloading from central: https://repo.maven.apache.org/maven2/io/micrometer/micrometer-bom/1.12.13/micrometer-bom-1.12.13.pom
#12 7.871 [INFO] Downloaded from central: https://repo.maven.apache.org/maven2/io/micrometer/micrometer-bom/1.12.13/micrometer-bom-1.12.13.pom (7.9 kB at 40 kB/s)
#12 7.879 [INFO] Downloading from central: https://repo.maven.apache.org/maven2/io/micrometer/micrometer-tracing-bom/1.2.12/micrometer-tracing-bom-1.2.12.pom
#12 8.079 [INFO] Downloaded from central: https://repo.maven.apache.org/maven2/io/micrometer/micrometer-tracing-bom/1.2.12/micrometer-tracing-bom-1.2.12.pom (4.5 kB at 23 kB/s)
#12 8.082 [INFO] Downloading from central: https://repo.maven.apache.org/maven2/io/micrometer/micrometer-bom/1.12.12/micrometer-bom-1.12.12.pom
#12 8.281 [INFO] Downloaded from central: https://repo.maven.apache.org/maven2/io/micrometer/micrometer-bom/1.12.12/micrometer-bom-1.12.12.pom (7.9 kB at 40 kB/s)
#12 8.284 [INFO] Downloading from central: https://repo.maven.apache.org/maven2/org/mockito/mockito-bom/5.7.0/mockito-bom-5.7.0.pom
#12 8.477 [INFO] Downloaded from central: https://repo.maven.apache.org/maven2/org/mockito/mockito-bom/5.7.0/mockito-bom-5.7.0.pom (3.0 kB at 15 kB/s)
#12 8.479 [INFO] Downloading from central: https://repo.maven.apache.org/maven2/io/netty/netty-bom/4.1.115.Final/netty-bom-4.1.115.Final.pom
#12 8.678 [INFO] Downloaded from central: https://repo.maven.apache.org/maven2/io/netty/netty-bom/4.1.115.Final/netty-bom-4.1.115.Final.pom (14 kB at 69 kB/s)
#12 8.681 [INFO] Downloading from central: https://repo.maven.apache.org/maven2/org/sonatype/oss/oss-parent/7/oss-parent-7.pom
#12 8.885 [INFO] Downloaded from central: https://repo.maven.apache.org/maven2/org/sonatype/oss/oss-parent/7/oss-parent-7.pom (4.8 kB at 24 kB/s)
#12 8.888 [INFO] Downloading from central: https://repo.maven.apache.org/maven2/com/squareup/okhttp3/okhttp-bom/4.12.0/okhttp-bom-4.12.0.pom
#12 9.080 [INFO] Downloaded from central: https://repo.maven.apache.org/maven2/com/squareup/okhttp3/okhttp-bom/4.12.0/okhttp-bom-4.12.0.pom (3.1 kB at 16 kB/s)
#12 9.084 [INFO] Downloading from central: https://repo.maven.apache.org/maven2/io/opentelemetry/opentelemetry-bom/1.31.0/opentelemetry-bom-1.31.0.pom
#12 9.273 [INFO] Downloaded from central: https://repo.maven.apache.org/maven2/io/opentelemetry/opentelemetry-bom/1.31.0/opentelemetry-bom-1.31.0.pom (7.0 kB at 37 kB/s)
#12 9.275 [INFO] Downloading from central: https://repo.maven.apache.org/maven2/io/prometheus/simpleclient_bom/0.16.0/simpleclient_bom-0.16.0.pom
#12 9.466 [INFO] Downloaded from central: https://repo.maven.apache.org/maven2/io/prometheus/simpleclient_bom/0.16.0/simpleclient_bom-0.16.0.pom (6.0 kB at 31 kB/s)
#12 9.468 [INFO] Downloading from central: https://repo.maven.apache.org/maven2/io/prometheus/parent/0.16.0/parent-0.16.0.pom
#12 9.658 [INFO] Downloaded from central: https://repo.maven.apache.org/maven2/io/prometheus/parent/0.16.0/parent-0.16.0.pom (13 kB at 66 kB/s)
#12 9.662 [INFO] Downloading from central: https://repo.maven.apache.org/maven2/com/querydsl/querydsl-bom/5.0.0/querydsl-bom-5.0.0.pom
#12 9.855 [INFO] Downloaded from central: https://repo.maven.apache.org/maven2/com/querydsl/querydsl-bom/5.0.0/querydsl-bom-5.0.0.pom (7.2 kB at 37 kB/s)
#12 9.857 [INFO] Downloading from central: https://repo.maven.apache.org/maven2/io/projectreactor/reactor-bom/2023.0.12/reactor-bom-2023.0.12.pom
#12 10.05 [INFO] Downloaded from central: https://repo.maven.apache.org/maven2/io/projectreactor/reactor-bom/2023.0.12/reactor-bom-2023.0.12.pom (4.8 kB at 25 kB/s)
#12 10.05 [INFO] Downloading from central: https://repo.maven.apache.org/maven2/io/rest-assured/rest-assured-bom/5.3.2/rest-assured-bom-5.3.2.pom
#12 10.24 [INFO] Downloaded from central: https://repo.maven.apache.org/maven2/io/rest-assured/rest-assured-bom/5.3.2/rest-assured-bom-5.3.2.pom (4.3 kB at 22 kB/s)
#12 10.25 [INFO] Downloading from central: https://repo.maven.apache.org/maven2/io/rsocket/rsocket-bom/1.1.3/rsocket-bom-1.1.3.pom
#12 10.44 [INFO] Downloaded from central: https://repo.maven.apache.org/maven2/io/rsocket/rsocket-bom/1.1.3/rsocket-bom-1.1.3.pom (2.6 kB at 14 kB/s)
#12 10.44 [INFO] Downloading from central: https://repo.maven.apache.org/maven2/org/seleniumhq/selenium/selenium-bom/4.14.1/selenium-bom-4.14.1.pom
#12 10.64 [INFO] Downloaded from central: https://repo.maven.apache.org/maven2/org/seleniumhq/selenium/selenium-bom/4.14.1/selenium-bom-4.14.1.pom (6.0 kB at 30 kB/s)
#12 10.65 [INFO] Downloading from central: https://repo.maven.apache.org/maven2/org/springframework/amqp/spring-amqp-bom/3.1.8/spring-amqp-bom-3.1.8.pom
#12 10.84 [INFO] Downloaded from central: https://repo.maven.apache.org/maven2/org/springframework/amqp/spring-amqp-bom/3.1.8/spring-amqp-bom-3.1.8.pom (3.9 kB at 20 kB/s)
#12 10.85 [INFO] Downloading from central: https://repo.maven.apache.org/maven2/org/springframework/batch/spring-batch-bom/5.1.2/spring-batch-bom-5.1.2.pom
#12 11.04 [INFO] Downloaded from central: https://repo.maven.apache.org/maven2/org/springframework/batch/spring-batch-bom/5.1.2/spring-batch-bom-5.1.2.pom (3.2 kB at 17 kB/s)
#12 11.05 [INFO] Downloading from central: https://repo.maven.apache.org/maven2/org/springframework/data/spring-data-bom/2023.1.12/spring-data-bom-2023.1.12.pom
#12 11.24 [INFO] Downloaded from central: https://repo.maven.apache.org/maven2/org/springframework/data/spring-data-bom/2023.1.12/spring-data-bom-2023.1.12.pom (5.5 kB at 29 kB/s)
#12 11.24 [INFO] Downloading from central: https://repo.maven.apache.org/maven2/org/springframework/spring-framework-bom/6.1.15/spring-framework-bom-6.1.15.pom
#12 11.43 [INFO] Downloaded from central: https://repo.maven.apache.org/maven2/org/springframework/spring-framework-bom/6.1.15/spring-framework-bom-6.1.15.pom (5.8 kB at 31 kB/s)
#12 11.44 [INFO] Downloading from central: https://repo.maven.apache.org/maven2/org/springframework/integration/spring-integration-bom/6.2.11/spring-integration-bom-6.2.11.pom
#12 11.63 [INFO] Downloaded from central: https://repo.maven.apache.org/maven2/org/springframework/integration/spring-integration-bom/6.2.11/spring-integration-bom-6.2.11.pom (11 kB at 55 kB/s)
#12 11.63 [INFO] Downloading from central: https://repo.maven.apache.org/maven2/org/springframework/pulsar/spring-pulsar-bom/1.0.12/spring-pulsar-bom-1.0.12.pom
#12 11.83 [INFO] Downloaded from central: https://repo.maven.apache.org/maven2/org/springframework/pulsar/spring-pulsar-bom/1.0.12/spring-pulsar-bom-1.0.12.pom (2.7 kB at 14 kB/s)
#12 11.83 [INFO] Downloading from central: https://repo.maven.apache.org/maven2/org/springframework/restdocs/spring-restdocs-bom/3.0.3/spring-restdocs-bom-3.0.3.pom
#12 12.03 [INFO] Downloaded from central: https://repo.maven.apache.org/maven2/org/springframework/restdocs/spring-restdocs-bom/3.0.3/spring-restdocs-bom-3.0.3.pom (2.6 kB at 13 kB/s)
#12 12.03 [INFO] Downloading from central: https://repo.maven.apache.org/maven2/org/springframework/security/spring-security-bom/6.2.8/spring-security-bom-6.2.8.pom
#12 12.22 [INFO] Downloaded from central: https://repo.maven.apache.org/maven2/org/springframework/security/spring-security-bom/6.2.8/spring-security-bom-6.2.8.pom (5.3 kB at 28 kB/s)
#12 12.22 [INFO] Downloading from central: https://repo.maven.apache.org/maven2/org/springframework/session/spring-session-bom/3.2.6/spring-session-bom-3.2.6.pom
#12 12.44 [INFO] Downloaded from central: https://repo.maven.apache.org/maven2/org/springframework/session/spring-session-bom/3.2.6/spring-session-bom-3.2.6.pom (2.9 kB at 13 kB/s)
#12 12.45 [INFO] Downloading from central: https://repo.maven.apache.org/maven2/org/springframework/ws/spring-ws-bom/4.0.11/spring-ws-bom-4.0.11.pom
#12 12.65 [INFO] Downloaded from central: https://repo.maven.apache.org/maven2/org/springframework/ws/spring-ws-bom/4.0.11/spring-ws-bom-4.0.11.pom (3.5 kB at 17 kB/s)
#12 12.65 [INFO] Downloading from central: https://repo.maven.apache.org/maven2/org/testcontainers/testcontainers-bom/1.19.8/testcontainers-bom-1.19.8.pom
#12 12.86 [INFO] Downloaded from central: https://repo.maven.apache.org/maven2/org/testcontainers/testcontainers-bom/1.19.8/testcontainers-bom-1.19.8.pom (10 kB at 51 kB/s)
#12 12.88 [INFO] 
#12 12.88 [INFO] ------------------------< com.example:backend >-------------------------
#12 12.88 [INFO] Building warehouse-backend 0.0.1-SNAPSHOT
#12 12.88 [INFO]   from pom.xml
#12 12.88 [INFO] --------------------------------[ jar ]---------------------------------
#12 12.88 [INFO] Downloading from central: https://repo.maven.apache.org/maven2/org/springframework/boot/spring-boot-maven-plugin/3.2.12/spring-boot-maven-plugin-3.2.12.pom
#12 13.11 [INFO] Downloaded from central: https://repo.maven.apache.org/maven2/org/springframework/boot/spring-boot-maven-plugin/3.2.12/spring-boot-maven-plugin-3.2.12.pom (4.0 kB at 17 kB/s)
#12 13.12 [INFO] Downloading from central: https://repo.maven.apache.org/maven2/org/springframework/boot/spring-boot-maven-plugin/3.2.12/spring-boot-maven-plugin-3.2.12.jar
#12 13.58 [INFO] Downloaded from central: https://repo.maven.apache.org/maven2/org/springframework/boot/spring-boot-maven-plugin/3.2.12/spring-boot-maven-plugin-3.2.12.jar (135 kB at 298 kB/s)
#12 13.59 [INFO] Downloading from central: https://repo.maven.apache.org/maven2/org/apache/maven/plugins/maven-resources-plugin/3.3.1/maven-resources-plugin-3.3.1.pom
#12 13.78 [INFO] Downloaded from central: https://repo.maven.apache.org/maven2/org/apache/maven/plugins/maven-resources-plugin/3.3.1/maven-resources-plugin-3.3.1.pom (8.2 kB at 42 kB/s)
#12 13.78 [INFO] Downloading from central: https://repo.maven.apache.org/maven2/org/apache/maven/plugins/maven-plugins/39/maven-plugins-39.pom
#12 13.98 [INFO] Downloaded from central: https://repo.maven.apache.org/maven2/org/apache/maven/plugins/maven-plugins/39/maven-plugins-39.pom (8.1 kB at 42 kB/s)
#12 13.98 [INFO] Downloading from central: https://repo.maven.apache.org/maven2/org/apache/maven/maven-parent/39/maven-parent-39.pom
#12 14.18 [INFO] Downloaded from central: https://repo.maven.apache.org/maven2/org/apache/maven/maven-parent/39/maven-parent-39.pom (48 kB at 247 kB/s)
#12 14.18 [INFO] Downloading from central: https://repo.maven.apache.org/maven2/org/apache/apache/29/apache-29.pom
#12 14.37 [INFO] Downloaded from central: https://repo.maven.apache.org/maven2/org/apache/apache/29/apache-29.pom (21 kB at 106 kB/s)
#12 14.38 [INFO] Downloading from central: https://repo.maven.apache.org/maven2/org/apache/maven/plugins/maven-resources-plugin/3.3.1/maven-resources-plugin-3.3.1.jar
#12 14.58 [INFO] Downloaded from central: https://repo.maven.apache.org/maven2/org/apache/maven/plugins/maven-resources-plugin/3.3.1/maven-resources-plugin-3.3.1.jar (31 kB at 150 kB/s)
#12 14.59 [INFO] Downloading from central: https://repo.maven.apache.org/maven2/org/apache/maven/plugins/maven-compiler-plugin/3.11.0/maven-compiler-plugin-3.11.0.pom
#12 14.78 [INFO] Downloaded from central: https://repo.maven.apache.org/maven2/org/apache/maven/plugins/maven-compiler-plugin/3.11.0/maven-compiler-plugin-3.11.0.pom (9.8 kB at 51 kB/s)
#12 14.79 [INFO] Downloading from central: https://repo.maven.apache.org/maven2/org/apache/maven/plugins/maven-compiler-plugin/3.11.0/maven-compiler-plugin-3.11.0.jar
#12 15.03 [INFO] Downloaded from central: https://repo.maven.apache.org/maven2/org/apache/maven/plugins/maven-compiler-plugin/3.11.0/maven-compiler-plugin-3.11.0.jar (66 kB at 274 kB/s)
#12 15.04 [INFO] Downloading from central: https://repo.maven.apache.org/maven2/org/apache/maven/plugins/maven-surefire-plugin/3.1.2/maven-surefire-plugin-3.1.2.pom
#12 15.23 [INFO] Downloaded from central: https://repo.maven.apache.org/maven2/org/apache/maven/plugins/maven-surefire-plugin/3.1.2/maven-surefire-plugin-3.1.2.pom (5.5 kB at 28 kB/s)
#12 15.23 [INFO] Downloading from central: https://repo.maven.apache.org/maven2/org/apache/maven/surefire/surefire/3.1.2/surefire-3.1.2.pom
#12 15.43 [INFO] Downloaded from central: https://repo.maven.apache.org/maven2/org/apache/maven/surefire/surefire/3.1.2/surefire-3.1.2.pom (22 kB at 111 kB/s)
#12 15.44 [INFO] Downloading from central: https://repo.maven.apache.org/maven2/org/apache/maven/plugins/maven-surefire-plugin/3.1.2/maven-surefire-plugin-3.1.2.jar
#12 15.66 [INFO] Downloaded from central: https://repo.maven.apache.org/maven2/org/apache/maven/plugins/maven-surefire-plugin/3.1.2/maven-surefire-plugin-3.1.2.jar (43 kB at 194 kB/s)
#12 15.67 [INFO] Downloading from central: https://repo.maven.apache.org/maven2/org/apache/maven/plugins/maven-jar-plugin/3.3.0/maven-jar-plugin-3.3.0.pom
#12 15.86 [INFO] Downloaded from central: https://repo.maven.apache.org/maven2/org/apache/maven/plugins/maven-jar-plugin/3.3.0/maven-jar-plugin-3.3.0.pom (6.8 kB at 36 kB/s)
#12 15.86 [INFO] Downloading from central: https://repo.maven.apache.org/maven2/org/apache/maven/plugins/maven-plugins/37/maven-plugins-37.pom
#12 16.05 [INFO] Downloaded from central: https://repo.maven.apache.org/maven2/org/apache/maven/plugins/maven-plugins/37/maven-plugins-37.pom (9.9 kB at 51 kB/s)
#12 16.06 [INFO] Downloading from central: https://repo.maven.apache.org/maven2/org/apache/maven/maven-parent/37/maven-parent-37.pom
#12 16.25 [INFO] Downloaded from central: https://repo.maven.apache.org/maven2/org/apache/maven/maven-parent/37/maven-parent-37.pom (46 kB at 236 kB/s)
#12 16.25 [INFO] Downloading from central: https://repo.maven.apache.org/maven2/org/apache/apache/27/apache-27.pom
#12 16.45 [INFO] Downloaded from central: https://repo.maven.apache.org/maven2/org/apache/apache/27/apache-27.pom (20 kB at 104 kB/s)
#12 16.45 [INFO] Downloading from central: https://repo.maven.apache.org/maven2/org/apache/maven/plugins/maven-jar-plugin/3.3.0/maven-jar-plugin-3.3.0.jar
#12 16.66 [INFO] Downloaded from central: https://repo.maven.apache.org/maven2/org/apache/maven/plugins/maven-jar-plugin/3.3.0/maven-jar-plugin-3.3.0.jar (27 kB at 130 kB/s)
#12 16.68 [INFO] Downloading from central: https://repo.maven.apache.org/maven2/org/springframework/boot/spring-boot-starter-web/3.2.12/spring-boot-starter-web-3.2.12.pom
#12 16.88 [INFO] Downloaded from central: https://repo.maven.apache.org/maven2/org/springframework/boot/spring-boot-starter-web/3.2.12/spring-boot-starter-web-3.2.12.pom (2.9 kB at 14 kB/s)
#12 16.89 [INFO] Downloading from central: https://repo.maven.apache.org/maven2/org/springframework/boot/spring-boot-starter/3.2.12/spring-boot-starter-3.2.12.pom
#12 17.08 [INFO] Downloaded from central: https://repo.maven.apache.org/maven2/org/springframework/boot/spring-boot-starter/3.2.12/spring-boot-starter-3.2.12.pom (3.0 kB at 16 kB/s)
#12 17.08 [INFO] Downloading from central: https://repo.maven.apache.org/maven2/org/springframework/boot/spring-boot/3.2.12/spring-boot-3.2.12.pom
#12 17.28 [INFO] Downloaded from central: https://repo.maven.apache.org/maven2/org/springframework/boot/spring-boot/3.2.12/spring-boot-3.2.12.pom (2.2 kB at 11 kB/s)
#12 17.28 [INFO] Downloading from central: https://repo.maven.apache.org/maven2/org/springframework/spring-core/6.1.15/spring-core-6.1.15.pom
#12 17.48 [INFO] Downloaded from central: https://repo.maven.apache.org/maven2/org/springframework/spring-core/6.1.15/spring-core-6.1.15.pom (2.0 kB at 10 kB/s)
#12 17.48 [INFO] Downloading from central: https://repo.maven.apache.org/maven2/org/springframework/spring-jcl/6.1.15/spring-jcl-6.1.15.pom
#12 17.67 [INFO] Downloaded from central: https://repo.maven.apache.org/maven2/org/springframework/spring-jcl/6.1.15/spring-jcl-6.1.15.pom (1.8 kB at 9.7 kB/s)
#12 17.67 [INFO] Downloading from central: https://repo.maven.apache.org/maven2/org/springframework/spring-context/6.1.15/spring-context-6.1.15.pom
#12 17.87 [INFO] Downloaded from central: https://repo.maven.apache.org/maven2/org/springframework/spring-context/6.1.15/spring-context-6.1.15.pom (2.8 kB at 14 kB/s)
#12 17.87 [INFO] Downloading from central: https://repo.maven.apache.org/maven2/org/springframework/spring-aop/6.1.15/spring-aop-6.1.15.pom
#12 18.07 [INFO] Downloaded from central: https://repo.maven.apache.org/maven2/org/springframework/spring-aop/6.1.15/spring-aop-6.1.15.pom (2.2 kB at 11 kB/s)
#12 18.07 [INFO] Downloading from central: https://repo.maven.apache.org/maven2/org/springframework/spring-beans/6.1.15/spring-beans-6.1.15.pom
#12 18.27 [INFO] Downloaded from central: https://repo.maven.apache.org/maven2/org/springframework/spring-beans/6.1.15/spring-beans-6.1.15.pom (2.0 kB at 11 kB/s)
#12 18.27 [INFO] Downloading from central: https://repo.maven.apache.org/maven2/org/springframework/spring-expression/6.1.15/spring-expression-6.1.15.pom
#12 18.47 [INFO] Downloaded from central: https://repo.maven.apache.org/maven2/org/springframework/spring-expression/6.1.15/spring-expression-6.1.15.pom (2.1 kB at 10 kB/s)
#12 18.47 [INFO] Downloading from central: https://repo.maven.apache.org/maven2/io/micrometer/micrometer-observation/1.12.13/micrometer-observation-1.12.13.pom
#12 18.67 [INFO] Downloaded from central: https://repo.maven.apache.org/maven2/io/micrometer/micrometer-observation/1.12.13/micrometer-observation-1.12.13.pom (3.8 kB at 20 kB/s)
#12 18.67 [INFO] Downloading from central: https://repo.maven.apache.org/maven2/io/micrometer/micrometer-commons/1.12.13/micrometer-commons-1.12.13.pom
#12 18.86 [INFO] Downloaded from central: https://repo.maven.apache.org/maven2/io/micrometer/micrometer-commons/1.12.13/micrometer-commons-1.12.13.pom (3.4 kB at 18 kB/s)
#12 18.86 [INFO] Downloading from central: https://repo.maven.apache.org/maven2/org/springframework/boot/spring-boot-autoconfigure/3.2.12/spring-boot-autoconfigure-3.2.12.pom
#12 19.06 [INFO] Downloaded from central: https://repo.maven.apache.org/maven2/org/springframework/boot/spring-boot-autoconfigure/3.2.12/spring-boot-autoconfigure-3.2.12.pom (2.1 kB at 11 kB/s)
#12 19.06 [INFO] Downloading from central: https://repo.maven.apache.org/maven2/org/springframework/boot/spring-boot-starter-logging/3.2.12/spring-boot-starter-logging-3.2.12.pom
#12 19.26 [INFO] Downloaded from central: https://repo.maven.apache.org/maven2/org/springframework/boot/spring-boot-starter-logging/3.2.12/spring-boot-starter-logging-3.2.12.pom (2.5 kB at 12 kB/s)
#12 19.26 [INFO] Downloading from central: https://repo.maven.apache.org/maven2/ch/qos/logback/logback-classic/1.4.14/logback-classic-1.4.14.pom
#12 19.46 [INFO] Downloaded from central: https://repo.maven.apache.org/maven2/ch/qos/logback/logback-classic/1.4.14/logback-classic-1.4.14.pom (13 kB at 67 kB/s)
#12 19.46 [INFO] Downloading from central: https://repo.maven.apache.org/maven2/ch/qos/logback/logback-parent/1.4.14/logback-parent-1.4.14.pom
#12 19.65 [INFO] Downloaded from central: https://repo.maven.apache.org/maven2/ch/qos/logback/logback-parent/1.4.14/logback-parent-1.4.14.pom (20 kB at 104 kB/s)
#12 19.66 [INFO] Downloading from central: https://repo.maven.apache.org/maven2/ch/qos/logback/logback-core/1.4.14/logback-core-1.4.14.pom
#12 19.85 [INFO] Downloaded from central: https://repo.maven.apache.org/maven2/ch/qos/logback/logback-core/1.4.14/logback-core-1.4.14.pom (5.0 kB at 27 kB/s)
#12 19.85 [INFO] Downloading from central: https://repo.maven.apache.org/maven2/org/slf4j/slf4j-api/2.0.16/slf4j-api-2.0.16.pom
#12 20.04 [INFO] Downloaded from central: https://repo.maven.apache.org/maven2/org/slf4j/slf4j-api/2.0.16/slf4j-api-2.0.16.pom (2.8 kB at 15 kB/s)
#12 20.04 [INFO] Downloading from central: https://repo.maven.apache.org/maven2/org/slf4j/slf4j-parent/2.0.16/slf4j-parent-2.0.16.pom
#12 20.24 [INFO] Downloaded from central: https://repo.maven.apache.org/maven2/org/slf4j/slf4j-parent/2.0.16/slf4j-parent-2.0.16.pom (13 kB at 69 kB/s)
#12 20.24 [INFO] Downloading from central: https://repo.maven.apache.org/maven2/org/slf4j/slf4j-bom/2.0.16/slf4j-bom-2.0.16.pom
#12 20.43 [INFO] Downloaded from central: https://repo.maven.apache.org/maven2/org/slf4j/slf4j-bom/2.0.16/slf4j-bom-2.0.16.pom (7.3 kB at 39 kB/s)
#12 20.43 [INFO] Downloading from central: https://repo.maven.apache.org/maven2/org/apache/logging/log4j/log4j-to-slf4j/2.21.1/log4j-to-slf4j-2.21.1.pom
#12 20.62 [INFO] Downloaded from central: https://repo.maven.apache.org/maven2/org/apache/logging/log4j/log4j-to-slf4j/2.21.1/log4j-to-slf4j-2.21.1.pom (4.2 kB at 22 kB/s)
#12 20.62 [INFO] Downloading from central: https://repo.maven.apache.org/maven2/org/apache/logging/log4j/log4j/2.21.1/log4j-2.21.1.pom
#12 20.84 [INFO] Downloaded from central: https://repo.maven.apache.org/maven2/org/apache/logging/log4j/log4j/2.21.1/log4j-2.21.1.pom (35 kB at 168 kB/s)
#12 20.84 [INFO] Downloading from central: https://repo.maven.apache.org/maven2/org/ow2/asm/asm-bom/9.5/asm-bom-9.5.pom
#12 21.03 [INFO] Downloaded from central: https://repo.maven.apache.org/maven2/org/ow2/asm/asm-bom/9.5/asm-bom-9.5.pom (3.2 kB at 17 kB/s)
#12 21.03 [INFO] Downloading from central: https://repo.maven.apache.org/maven2/org/ow2/ow2/1.5.1/ow2-1.5.1.pom
#12 21.23 [INFO] Downloaded from central: https://repo.maven.apache.org/maven2/org/ow2/ow2/1.5.1/ow2-1.5.1.pom (11 kB at 59 kB/s)
#12 21.23 [INFO] Downloading from central: https://repo.maven.apache.org/maven2/org/codehaus/groovy/groovy-bom/3.0.19/groovy-bom-3.0.19.pom
#12 21.42 [INFO] Downloaded from central: https://repo.maven.apache.org/maven2/org/codehaus/groovy/groovy-bom/3.0.19/groovy-bom-3.0.19.pom (26 kB at 138 kB/s)
#12 21.42 [INFO] Downloading from central: https://repo.maven.apache.org/maven2/com/fasterxml/jackson/jackson-bom/2.15.2/jackson-bom-2.15.2.pom
#12 21.61 [INFO] Downloaded from central: https://repo.maven.apache.org/maven2/com/fasterxml/jackson/jackson-bom/2.15.2/jackson-bom-2.15.2.pom (18 kB at 94 kB/s)
#12 21.62 [INFO] Downloading from central: https://repo.maven.apache.org/maven2/jakarta/platform/jakarta.jakartaee-bom/9.1.0/jakarta.jakartaee-bom-9.1.0.pom
#12 21.81 [INFO] Downloaded from central: https://repo.maven.apache.org/maven2/jakarta/platform/jakarta.jakartaee-bom/9.1.0/jakarta.jakartaee-bom-9.1.0.pom (9.6 kB at 50 kB/s)
#12 21.81 [INFO] Downloading from central: https://repo.maven.apache.org/maven2/jakarta/platform/jakartaee-api-parent/9.1.0/jakartaee-api-parent-9.1.0.pom
#12 22.01 [INFO] Downloaded from central: https://repo.maven.apache.org/maven2/jakarta/platform/jakartaee-api-parent/9.1.0/jakartaee-api-parent-9.1.0.pom (15 kB at 74 kB/s)
#12 22.01 [INFO] Downloading from central: https://repo.maven.apache.org/maven2/org/eclipse/ee4j/project/1.0.7/project-1.0.7.pom
#12 22.20 [INFO] Downloaded from central: https://repo.maven.apache.org/maven2/org/eclipse/ee4j/project/1.0.7/project-1.0.7.pom (14 kB at 75 kB/s)
#12 22.20 [INFO] Downloading from central: https://repo.maven.apache.org/maven2/org/eclipse/jetty/jetty-bom/9.4.53.v20231009/jetty-bom-9.4.53.v20231009.pom
#12 22.39 [INFO] Downloaded from central: https://repo.maven.apache.org/maven2/org/eclipse/jetty/jetty-bom/9.4.53.v20231009/jetty-bom-9.4.53.v20231009.pom (18 kB at 94 kB/s)
#12 22.40 [INFO] Downloading from central: https://repo.maven.apache.org/maven2/org/junit/junit-bom/5.10.0/junit-bom-5.10.0.pom
#12 22.60 [INFO] Downloaded from central: https://repo.maven.apache.org/maven2/org/junit/junit-bom/5.10.0/junit-bom-5.10.0.pom (5.6 kB at 28 kB/s)
#12 22.60 [INFO] Downloading from central: https://repo.maven.apache.org/maven2/io/fabric8/kubernetes-client-bom/5.12.4/kubernetes-client-bom-5.12.4.pom
#12 22.79 [INFO] Downloaded from central: https://repo.maven.apache.org/maven2/io/fabric8/kubernetes-client-bom/5.12.4/kubernetes-client-bom-5.12.4.pom (26 kB at 135 kB/s)
#12 22.79 [INFO] Downloading from central: https://repo.maven.apache.org/maven2/org/mockito/mockito-bom/4.11.0/mockito-bom-4.11.0.pom
#12 22.99 [INFO] Downloaded from central: https://repo.maven.apache.org/maven2/org/mockito/mockito-bom/4.11.0/mockito-bom-4.11.0.pom (3.2 kB at 16 kB/s)
#12 22.99 [INFO] Downloading from central: https://repo.maven.apache.org/maven2/io/netty/netty-bom/4.1.97.Final/netty-bom-4.1.97.Final.pom
#12 23.19 [INFO] Downloaded from central: https://repo.maven.apache.org/maven2/io/netty/netty-bom/4.1.97.Final/netty-bom-4.1.97.Final.pom (13 kB at 68 kB/s)
#12 23.19 [INFO] Downloading from central: https://repo.maven.apache.org/maven2/org/springframework/spring-framework-bom/5.3.29/spring-framework-bom-5.3.29.pom
#12 23.38 [INFO] Downloaded from central: https://repo.maven.apache.org/maven2/org/springframework/spring-framework-bom/5.3.29/spring-framework-bom-5.3.29.pom (5.7 kB at 29 kB/s)
#12 23.39 [INFO] Downloading from central: https://repo.maven.apache.org/maven2/org/apache/logging/log4j/log4j-api/2.21.1/log4j-api-2.21.1.pom
#12 23.58 [INFO] Downloaded from central: https://repo.maven.apache.org/maven2/org/apache/logging/log4j/log4j-api/2.21.1/log4j-api-2.21.1.pom (4.0 kB at 21 kB/s)
#12 23.59 [INFO] Downloading from central: https://repo.maven.apache.org/maven2/org/slf4j/jul-to-slf4j/2.0.16/jul-to-slf4j-2.0.16.pom
#12 23.78 [INFO] Downloaded from central: https://repo.maven.apache.org/maven2/org/slf4j/jul-to-slf4j/2.0.16/jul-to-slf4j-2.0.16.pom (1.1 kB at 5.7 kB/s)
#12 23.78 [INFO] Downloading from central: https://repo.maven.apache.org/maven2/jakarta/annotation/jakarta.annotation-api/2.1.1/jakarta.annotation-api-2.1.1.pom
#12 24.00 [INFO] Downloaded from central: https://repo.maven.apache.org/maven2/jakarta/annotation/jakarta.annotation-api/2.1.1/jakarta.annotation-api-2.1.1.pom (16 kB at 73 kB/s)
#12 24.00 [INFO] Downloading from central: https://repo.maven.apache.org/maven2/org/yaml/snakeyaml/2.2/snakeyaml-2.2.pom
#12 24.20 [INFO] Downloaded from central: https://repo.maven.apache.org/maven2/org/yaml/snakeyaml/2.2/snakeyaml-2.2.pom (21 kB at 105 kB/s)
#12 24.21 [INFO] Downloading from central: https://repo.maven.apache.org/maven2/org/springframework/boot/spring-boot-starter-json/3.2.12/spring-boot-starter-json-3.2.12.pom
#12 24.40 [INFO] Downloaded from central: https://repo.maven.apache.org/maven2/org/springframework/boot/spring-boot-starter-json/3.2.12/spring-boot-starter-json-3.2.12.pom (3.1 kB at 16 kB/s)
#12 24.41 [INFO] Downloading from central: https://repo.maven.apache.org/maven2/org/springframework/spring-web/6.1.15/spring-web-6.1.15.pom
#12 24.59 [INFO] Downloaded from central: https://repo.maven.apache.org/maven2/org/springframework/spring-web/6.1.15/spring-web-6.1.15.pom (2.4 kB at 13 kB/s)
#12 24.60 [INFO] Downloading from central: https://repo.maven.apache.org/maven2/com/fasterxml/jackson/core/jackson-databind/2.15.4/jackson-databind-2.15.4.pom
#12 24.81 [INFO] Downloaded from central: https://repo.maven.apache.org/maven2/com/fasterxml/jackson/core/jackson-databind/2.15.4/jackson-databind-2.15.4.pom (19 kB at 92 kB/s)
#12 24.81 [INFO] Downloading from central: https://repo.maven.apache.org/maven2/com/fasterxml/jackson/jackson-base/2.15.4/jackson-base-2.15.4.pom
#12 25.01 [INFO] Downloaded from central: https://repo.maven.apache.org/maven2/com/fasterxml/jackson/jackson-base/2.15.4/jackson-base-2.15.4.pom (11 kB at 58 kB/s)
#12 25.01 [INFO] Downloading from central: https://repo.maven.apache.org/maven2/org/junit/junit-bom/5.9.2/junit-bom-5.9.2.pom
#12 25.22 [INFO] Downloaded from central: https://repo.maven.apache.org/maven2/org/junit/junit-bom/5.9.2/junit-bom-5.9.2.pom (5.6 kB at 27 kB/s)
#12 25.22 [INFO] Downloading from central: https://repo.maven.apache.org/maven2/com/fasterxml/jackson/core/jackson-annotations/2.15.4/jackson-annotations-2.15.4.pom
#12 25.42 [INFO] Downloaded from central: https://repo.maven.apache.org/maven2/com/fasterxml/jackson/core/jackson-annotations/2.15.4/jackson-annotations-2.15.4.pom (7.1 kB at 36 kB/s)
#12 25.42 [INFO] Downloading from central: https://repo.maven.apache.org/maven2/com/fasterxml/jackson/core/jackson-core/2.15.4/jackson-core-2.15.4.pom
#12 25.62 [INFO] Downloaded from central: https://repo.maven.apache.org/maven2/com/fasterxml/jackson/core/jackson-core/2.15.4/jackson-core-2.15.4.pom (9.9 kB at 49 kB/s)
#12 25.63 [INFO] Downloading from central: https://repo.maven.apache.org/maven2/com/fasterxml/jackson/datatype/jackson-datatype-jdk8/2.15.4/jackson-datatype-jdk8-2.15.4.pom
#12 25.82 [INFO] Downloaded from central: https://repo.maven.apache.org/maven2/com/fasterxml/jackson/datatype/jackson-datatype-jdk8/2.15.4/jackson-datatype-jdk8-2.15.4.pom (2.6 kB at 13 kB/s)
#12 25.82 [INFO] Downloading from central: https://repo.maven.apache.org/maven2/com/fasterxml/jackson/module/jackson-modules-java8/2.15.4/jackson-modules-java8-2.15.4.pom
#12 26.02 [INFO] Downloaded from central: https://repo.maven.apache.org/maven2/com/fasterxml/jackson/module/jackson-modules-java8/2.15.4/jackson-modules-java8-2.15.4.pom (3.1 kB at 16 kB/s)
#12 26.02 [INFO] Downloading from central: https://repo.maven.apache.org/maven2/com/fasterxml/jackson/datatype/jackson-datatype-jsr310/2.15.4/jackson-datatype-jsr310-2.15.4.pom
#12 26.21 [INFO] Downloaded from central: https://repo.maven.apache.org/maven2/com/fasterxml/jackson/datatype/jackson-datatype-jsr310/2.15.4/jackson-datatype-jsr310-2.15.4.pom (4.9 kB at 26 kB/s)
#12 26.21 [INFO] Downloading from central: https://repo.maven.apache.org/maven2/com/fasterxml/jackson/module/jackson-module-parameter-names/2.15.4/jackson-module-parameter-names-2.15.4.pom
#12 26.40 [INFO] Downloaded from central: https://repo.maven.apache.org/maven2/com/fasterxml/jackson/module/jackson-module-parameter-names/2.15.4/jackson-module-parameter-names-2.15.4.pom (4.4 kB at 23 kB/s)
#12 26.41 [INFO] Downloading from central: https://repo.maven.apache.org/maven2/org/springframework/boot/spring-boot-starter-tomcat/3.2.12/spring-boot-starter-tomcat-3.2.12.pom
#12 26.60 [INFO] Downloaded from central: https://repo.maven.apache.org/maven2/org/springframework/boot/spring-boot-starter-tomcat/3.2.12/spring-boot-starter-tomcat-3.2.12.pom (3.1 kB at 17 kB/s)
#12 26.60 [INFO] Downloading from central: https://repo.maven.apache.org/maven2/org/apache/tomcat/embed/tomcat-embed-core/10.1.33/tomcat-embed-core-10.1.33.pom
#12 26.80 [INFO] Downloaded from central: https://repo.maven.apache.org/maven2/org/apache/tomcat/embed/tomcat-embed-core/10.1.33/tomcat-embed-core-10.1.33.pom (1.7 kB at 8.7 kB/s)
#12 26.80 [INFO] Downloading from central: https://repo.maven.apache.org/maven2/org/apache/tomcat/embed/tomcat-embed-el/10.1.33/tomcat-embed-el-10.1.33.pom
#12 27.01 [INFO] Downloaded from central: https://repo.maven.apache.org/maven2/org/apache/tomcat/embed/tomcat-embed-el/10.1.33/tomcat-embed-el-10.1.33.pom (1.5 kB at 7.3 kB/s)
#12 27.01 [INFO] Downloading from central: https://repo.maven.apache.org/maven2/org/apache/tomcat/embed/tomcat-embed-websocket/10.1.33/tomcat-embed-websocket-10.1.33.pom
#12 27.20 [INFO] Downloaded from central: https://repo.maven.apache.org/maven2/org/apache/tomcat/embed/tomcat-embed-websocket/10.1.33/tomcat-embed-websocket-10.1.33.pom (1.7 kB at 9.2 kB/s)
#12 27.20 [INFO] Downloading from central: https://repo.maven.apache.org/maven2/org/springframework/spring-webmvc/6.1.15/spring-webmvc-6.1.15.pom
#12 27.39 [INFO] Downloaded from central: https://repo.maven.apache.org/maven2/org/springframework/spring-webmvc/6.1.15/spring-webmvc-6.1.15.pom (3.0 kB at 16 kB/s)
#12 27.40 [INFO] Downloading from central: https://repo.maven.apache.org/maven2/org/springframework/boot/spring-boot-starter-jdbc/3.2.12/spring-boot-starter-jdbc-3.2.12.pom
#12 27.59 [INFO] Downloaded from central: https://repo.maven.apache.org/maven2/org/springframework/boot/spring-boot-starter-jdbc/3.2.12/spring-boot-starter-jdbc-3.2.12.pom (2.5 kB at 13 kB/s)
#12 27.59 [INFO] Downloading from central: https://repo.maven.apache.org/maven2/com/zaxxer/HikariCP/5.0.1/HikariCP-5.0.1.pom
#12 27.79 [INFO] Downloaded from central: https://repo.maven.apache.org/maven2/com/zaxxer/HikariCP/5.0.1/HikariCP-5.0.1.pom (25 kB at 124 kB/s)
#12 27.79 [INFO] Downloading from central: https://repo.maven.apache.org/maven2/org/sonatype/oss/oss-parent/9/oss-parent-9.pom
#12 27.98 [INFO] Downloaded from central: https://repo.maven.apache.org/maven2/org/sonatype/oss/oss-parent/9/oss-parent-9.pom (6.6 kB at 35 kB/s)
#12 27.99 [INFO] Downloading from central: https://repo.maven.apache.org/maven2/org/springframework/spring-jdbc/6.1.15/spring-jdbc-6.1.15.pom
#12 28.19 [INFO] Downloaded from central: https://repo.maven.apache.org/maven2/org/springframework/spring-jdbc/6.1.15/spring-jdbc-6.1.15.pom (2.4 kB at 12 kB/s)
#12 28.20 [INFO] Downloading from central: https://repo.maven.apache.org/maven2/org/springframework/spring-tx/6.1.15/spring-tx-6.1.15.pom
#12 28.39 [INFO] Downloaded from central: https://repo.maven.apache.org/maven2/org/springframework/spring-tx/6.1.15/spring-tx-6.1.15.pom (2.2 kB at 12 kB/s)
#12 28.39 [INFO] Downloading from central: https://repo.maven.apache.org/maven2/org/mybatis/spring/boot/mybatis-spring-boot-starter/3.0.2/mybatis-spring-boot-starter-3.0.2.pom
#12 28.82 [INFO] Downloaded from central: https://repo.maven.apache.org/maven2/org/mybatis/spring/boot/mybatis-spring-boot-starter/3.0.2/mybatis-spring-boot-starter-3.0.2.pom (2.0 kB at 4.7 kB/s)
#12 28.82 [INFO] Downloading from central: https://repo.maven.apache.org/maven2/org/mybatis/spring/boot/mybatis-spring-boot/3.0.2/mybatis-spring-boot-3.0.2.pom
#12 29.01 [INFO] Downloaded from central: https://repo.maven.apache.org/maven2/org/mybatis/spring/boot/mybatis-spring-boot/3.0.2/mybatis-spring-boot-3.0.2.pom (8.7 kB at 45 kB/s)
#12 29.01 [INFO] Downloading from central: https://repo.maven.apache.org/maven2/org/mybatis/mybatis-parent/37/mybatis-parent-37.pom
#12 29.22 [INFO] Downloaded from central: https://repo.maven.apache.org/maven2/org/mybatis/mybatis-parent/37/mybatis-parent-37.pom (50 kB at 248 kB/s)
#12 29.22 [INFO] Downloading from central: https://repo.maven.apache.org/maven2/org/springframework/boot/spring-boot-dependencies/3.1.0/spring-boot-dependencies-3.1.0.pom
#12 29.42 [INFO] Downloaded from central: https://repo.maven.apache.org/maven2/org/springframework/boot/spring-boot-dependencies/3.1.0/spring-boot-dependencies-3.1.0.pom (99 kB at 496 kB/s)
#12 29.42 [INFO] Downloading from sonatype-oss-snapshots: https://oss.sonatype.org/content/repositories/snapshots/io/zipkin/brave/brave-bom/5.15.1/brave-bom-5.15.1.pom
#12 30.23 [INFO] Downloading from spring-milestone: https://repo.spring.io/milestone/io/zipkin/brave/brave-bom/5.15.1/brave-bom-5.15.1.pom
#12 33.24 [INFO] Downloading from spring-snapshot: https://repo.spring.io/snapshot/io/zipkin/brave/brave-bom/5.15.1/brave-bom-5.15.1.pom
#12 34.40 [INFO] Downloading from central: https://repo.maven.apache.org/maven2/io/zipkin/brave/brave-bom/5.15.1/brave-bom-5.15.1.pom
#12 34.59 [INFO] Downloaded from central: https://repo.maven.apache.org/maven2/io/zipkin/brave/brave-bom/5.15.1/brave-bom-5.15.1.pom (12 kB at 64 kB/s)
#12 34.59 [INFO] Downloading from sonatype-oss-snapshots: https://oss.sonatype.org/content/repositories/snapshots/com/datastax/oss/java-driver-bom/4.15.0/java-driver-bom-4.15.0.pom
#12 35.39 [INFO] Downloading from spring-milestone: https://repo.spring.io/milestone/com/datastax/oss/java-driver-bom/4.15.0/java-driver-bom-4.15.0.pom
#12 35.65 [INFO] Downloading from spring-snapshot: https://repo.spring.io/snapshot/com/datastax/oss/java-driver-bom/4.15.0/java-driver-bom-4.15.0.pom
#12 35.90 [INFO] Downloading from central: https://repo.maven.apache.org/maven2/com/datastax/oss/java-driver-bom/4.15.0/java-driver-bom-4.15.0.pom
#12 36.09 [INFO] Downloaded from central: https://repo.maven.apache.org/maven2/com/datastax/oss/java-driver-bom/4.15.0/java-driver-bom-4.15.0.pom (4.1 kB at 21 kB/s)
#12 36.10 [INFO] Downloading from sonatype-oss-snapshots: https://oss.sonatype.org/content/repositories/snapshots/io/dropwizard/metrics/metrics-bom/4.2.18/metrics-bom-4.2.18.pom
#12 36.33 [INFO] Downloading from spring-milestone: https://repo.spring.io/milestone/io/dropwizard/metrics/metrics-bom/4.2.18/metrics-bom-4.2.18.pom
#12 36.89 [INFO] Downloading from spring-snapshot: https://repo.spring.io/snapshot/io/dropwizard/metrics/metrics-bom/4.2.18/metrics-bom-4.2.18.pom
#12 37.13 [INFO] Downloading from central: https://repo.maven.apache.org/maven2/io/dropwizard/metrics/metrics-bom/4.2.18/metrics-bom-4.2.18.pom
#12 37.32 [INFO] Downloaded from central: https://repo.maven.apache.org/maven2/io/dropwizard/metrics/metrics-bom/4.2.18/metrics-bom-4.2.18.pom (7.5 kB at 40 kB/s)
#12 37.32 [INFO] Downloading from sonatype-oss-snapshots: https://oss.sonatype.org/content/repositories/snapshots/io/dropwizard/metrics/metrics-parent/4.2.18/metrics-parent-4.2.18.pom
#12 38.06 [INFO] Downloading from spring-milestone: https://repo.spring.io/milestone/io/dropwizard/metrics/metrics-parent/4.2.18/metrics-parent-4.2.18.pom
#12 38.31 [INFO] Downloading from spring-snapshot: https://repo.spring.io/snapshot/io/dropwizard/metrics/metrics-parent/4.2.18/metrics-parent-4.2.18.pom
#12 38.89 [INFO] Downloading from central: https://repo.maven.apache.org/maven2/io/dropwizard/metrics/metrics-parent/4.2.18/metrics-parent-4.2.18.pom
#12 39.08 [INFO] Downloaded from central: https://repo.maven.apache.org/maven2/io/dropwizard/metrics/metrics-parent/4.2.18/metrics-parent-4.2.18.pom (20 kB at 104 kB/s)
#12 39.09 [INFO] Downloading from sonatype-oss-snapshots: https://oss.sonatype.org/content/repositories/snapshots/org/glassfish/jaxb/jaxb-bom/4.0.2/jaxb-bom-4.0.2.pom
#12 39.46 [INFO] Downloading from spring-milestone: https://repo.spring.io/milestone/org/glassfish/jaxb/jaxb-bom/4.0.2/jaxb-bom-4.0.2.pom
#12 39.70 [INFO] Downloading from spring-snapshot: https://repo.spring.io/snapshot/org/glassfish/jaxb/jaxb-bom/4.0.2/jaxb-bom-4.0.2.pom
#12 39.95 [INFO] Downloading from central: https://repo.maven.apache.org/maven2/org/glassfish/jaxb/jaxb-bom/4.0.2/jaxb-bom-4.0.2.pom
#12 40.15 [INFO] Downloaded from central: https://repo.maven.apache.org/maven2/org/glassfish/jaxb/jaxb-bom/4.0.2/jaxb-bom-4.0.2.pom (11 kB at 55 kB/s)
#12 40.15 [INFO] Downloading from sonatype-oss-snapshots: https://oss.sonatype.org/content/repositories/snapshots/org/eclipse/ee4j/project/1.0.8/project-1.0.8.pom
#12 40.41 [INFO] Downloading from spring-milestone: https://repo.spring.io/milestone/org/eclipse/ee4j/project/1.0.8/project-1.0.8.pom
#12 41.42 [INFO] Downloading from spring-snapshot: https://repo.spring.io/snapshot/org/eclipse/ee4j/project/1.0.8/project-1.0.8.pom
#12 41.67 [INFO] Downloading from central: https://repo.maven.apache.org/maven2/org/eclipse/ee4j/project/1.0.8/project-1.0.8.pom
#12 41.86 [INFO] Downloaded from central: https://repo.maven.apache.org/maven2/org/eclipse/ee4j/project/1.0.8/project-1.0.8.pom (15 kB at 77 kB/s)
#12 41.86 [INFO] Downloading from sonatype-oss-snapshots: https://oss.sonatype.org/content/repositories/snapshots/org/apache/groovy/groovy-bom/4.0.12/groovy-bom-4.0.12.pom
#12 42.10 [INFO] Downloading from spring-milestone: https://repo.spring.io/milestone/org/apache/groovy/groovy-bom/4.0.12/groovy-bom-4.0.12.pom
#12 42.34 [INFO] Downloading from spring-snapshot: https://repo.spring.io/snapshot/org/apache/groovy/groovy-bom/4.0.12/groovy-bom-4.0.12.pom
#12 42.59 [INFO] Downloading from central: https://repo.maven.apache.org/maven2/org/apache/groovy/groovy-bom/4.0.12/groovy-bom-4.0.12.pom
#12 42.78 [INFO] Downloaded from central: https://repo.maven.apache.org/maven2/org/apache/groovy/groovy-bom/4.0.12/groovy-bom-4.0.12.pom (27 kB at 139 kB/s)
#12 42.79 [INFO] Downloading from sonatype-oss-snapshots: https://oss.sonatype.org/content/repositories/snapshots/org/infinispan/infinispan-bom/14.0.9.Final/infinispan-bom-14.0.9.Final.pom
#12 43.02 [INFO] Downloading from spring-milestone: https://repo.spring.io/milestone/org/infinispan/infinispan-bom/14.0.9.Final/infinispan-bom-14.0.9.Final.pom
#12 44.03 [INFO] Downloading from spring-snapshot: https://repo.spring.io/snapshot/org/infinispan/infinispan-bom/14.0.9.Final/infinispan-bom-14.0.9.Final.pom
#12 44.27 [INFO] Downloading from central: https://repo.maven.apache.org/maven2/org/infinispan/infinispan-bom/14.0.9.Final/infinispan-bom-14.0.9.Final.pom
#12 44.47 [INFO] Downloaded from central: https://repo.maven.apache.org/maven2/org/infinispan/infinispan-bom/14.0.9.Final/infinispan-bom-14.0.9.Final.pom (23 kB at 115 kB/s)
#12 44.47 [INFO] Downloading from sonatype-oss-snapshots: https://oss.sonatype.org/content/repositories/snapshots/org/infinispan/infinispan-build-configuration-parent/14.0.9.Final/infinispan-build-configuration-parent-14.0.9.Final.pom
#12 44.71 [INFO] Downloading from spring-milestone: https://repo.spring.io/milestone/org/infinispan/infinispan-build-configuration-parent/14.0.9.Final/infinispan-build-configuration-parent-14.0.9.Final.pom
#12 44.96 [INFO] Downloading from spring-snapshot: https://repo.spring.io/snapshot/org/infinispan/infinispan-build-configuration-parent/14.0.9.Final/infinispan-build-configuration-parent-14.0.9.Final.pom
#12 45.22 [INFO] Downloading from central: https://repo.maven.apache.org/maven2/org/infinispan/infinispan-build-configuration-parent/14.0.9.Final/infinispan-build-configuration-parent-14.0.9.Final.pom
#12 45.41 [INFO] Downloaded from central: https://repo.maven.apache.org/maven2/org/infinispan/infinispan-build-configuration-parent/14.0.9.Final/infinispan-build-configuration-parent-14.0.9.Final.pom (24 kB at 122 kB/s)
#12 45.42 [INFO] Downloading from sonatype-oss-snapshots: https://oss.sonatype.org/content/repositories/snapshots/com/fasterxml/jackson/jackson-bom/2.15.0/jackson-bom-2.15.0.pom
#12 45.65 [INFO] Downloading from spring-milestone: https://repo.spring.io/milestone/com/fasterxml/jackson/jackson-bom/2.15.0/jackson-bom-2.15.0.pom
#12 46.66 [INFO] Downloading from spring-snapshot: https://repo.spring.io/snapshot/com/fasterxml/jackson/jackson-bom/2.15.0/jackson-bom-2.15.0.pom
#12 46.94 [INFO] Downloading from central: https://repo.maven.apache.org/maven2/com/fasterxml/jackson/jackson-bom/2.15.0/jackson-bom-2.15.0.pom
#12 47.13 [INFO] Downloaded from central: https://repo.maven.apache.org/maven2/com/fasterxml/jackson/jackson-bom/2.15.0/jackson-bom-2.15.0.pom (18 kB at 95 kB/s)
#12 47.13 [INFO] Downloading from sonatype-oss-snapshots: https://oss.sonatype.org/content/repositories/snapshots/org/glassfish/jersey/jersey-bom/3.1.1/jersey-bom-3.1.1.pom
#12 47.37 [INFO] Downloading from spring-milestone: https://repo.spring.io/milestone/org/glassfish/jersey/jersey-bom/3.1.1/jersey-bom-3.1.1.pom
#12 47.97 [INFO] Downloading from spring-snapshot: https://repo.spring.io/snapshot/org/glassfish/jersey/jersey-bom/3.1.1/jersey-bom-3.1.1.pom
#12 48.21 [INFO] Downloading from central: https://repo.maven.apache.org/maven2/org/glassfish/jersey/jersey-bom/3.1.1/jersey-bom-3.1.1.pom
#12 48.41 [INFO] Downloaded from central: https://repo.maven.apache.org/maven2/org/glassfish/jersey/jersey-bom/3.1.1/jersey-bom-3.1.1.pom (19 kB at 99 kB/s)
#12 48.41 [INFO] Downloading from sonatype-oss-snapshots: https://oss.sonatype.org/content/repositories/snapshots/org/eclipse/jetty/jetty-bom/11.0.15/jetty-bom-11.0.15.pom
#12 48.64 [INFO] Downloading from spring-milestone: https://repo.spring.io/milestone/org/eclipse/jetty/jetty-bom/11.0.15/jetty-bom-11.0.15.pom
#12 50.60 [INFO] Downloading from spring-snapshot: https://repo.spring.io/snapshot/org/eclipse/jetty/jetty-bom/11.0.15/jetty-bom-11.0.15.pom
#12 50.84 [INFO] Downloading from central: https://repo.maven.apache.org/maven2/org/eclipse/jetty/jetty-bom/11.0.15/jetty-bom-11.0.15.pom
#12 51.04 [INFO] Downloaded from central: https://repo.maven.apache.org/maven2/org/eclipse/jetty/jetty-bom/11.0.15/jetty-bom-11.0.15.pom (20 kB at 99 kB/s)
#12 51.04 [INFO] Downloading from sonatype-oss-snapshots: https://oss.sonatype.org/content/repositories/snapshots/org/junit/junit-bom/5.9.3/junit-bom-5.9.3.pom
#12 51.29 [INFO] Downloading from spring-milestone: https://repo.spring.io/milestone/org/junit/junit-bom/5.9.3/junit-bom-5.9.3.pom
#12 51.55 [INFO] Downloading from spring-snapshot: https://repo.spring.io/snapshot/org/junit/junit-bom/5.9.3/junit-bom-5.9.3.pom
#12 52.55 [INFO] Downloading from central: https://repo.maven.apache.org/maven2/org/junit/junit-bom/5.9.3/junit-bom-5.9.3.pom
#12 52.73 [INFO] Downloaded from central: https://repo.maven.apache.org/maven2/org/junit/junit-bom/5.9.3/junit-bom-5.9.3.pom (5.6 kB at 30 kB/s)
#12 52.73 [INFO] Downloading from sonatype-oss-snapshots: https://oss.sonatype.org/content/repositories/snapshots/org/jetbrains/kotlin/kotlin-bom/1.8.21/kotlin-bom-1.8.21.pom
#12 52.97 [INFO] Downloading from spring-milestone: https://repo.spring.io/milestone/org/jetbrains/kotlin/kotlin-bom/1.8.21/kotlin-bom-1.8.21.pom
#12 53.21 [INFO] Downloading from spring-snapshot: https://repo.spring.io/snapshot/org/jetbrains/kotlin/kotlin-bom/1.8.21/kotlin-bom-1.8.21.pom
#12 54.22 [INFO] Downloading from central: https://repo.maven.apache.org/maven2/org/jetbrains/kotlin/kotlin-bom/1.8.21/kotlin-bom-1.8.21.pom
#12 54.44 [INFO] Downloaded from central: https://repo.maven.apache.org/maven2/org/jetbrains/kotlin/kotlin-bom/1.8.21/kotlin-bom-1.8.21.pom (9.3 kB at 42 kB/s)
#12 54.44 [INFO] Downloading from sonatype-oss-snapshots: https://oss.sonatype.org/content/repositories/snapshots/org/jetbrains/kotlinx/kotlinx-coroutines-bom/1.6.4/kotlinx-coroutines-bom-1.6.4.pom
#12 54.69 [INFO] Downloading from spring-milestone: https://repo.spring.io/milestone/org/jetbrains/kotlinx/kotlinx-coroutines-bom/1.6.4/kotlinx-coroutines-bom-1.6.4.pom
#12 54.93 [INFO] Downloading from spring-snapshot: https://repo.spring.io/snapshot/org/jetbrains/kotlinx/kotlinx-coroutines-bom/1.6.4/kotlinx-coroutines-bom-1.6.4.pom
#12 56.40 [INFO] Downloading from central: https://repo.maven.apache.org/maven2/org/jetbrains/kotlinx/kotlinx-coroutines-bom/1.6.4/kotlinx-coroutines-bom-1.6.4.pom
#12 56.60 [INFO] Downloaded from central: https://repo.maven.apache.org/maven2/org/jetbrains/kotlinx/kotlinx-coroutines-bom/1.6.4/kotlinx-coroutines-bom-1.6.4.pom (4.3 kB at 21 kB/s)
#12 56.60 [INFO] Downloading from sonatype-oss-snapshots: https://oss.sonatype.org/content/repositories/snapshots/org/apache/logging/log4j/log4j-bom/2.20.0/log4j-bom-2.20.0.pom
#12 56.84 [INFO] Downloading from spring-milestone: https://repo.spring.io/milestone/org/apache/logging/log4j/log4j-bom/2.20.0/log4j-bom-2.20.0.pom
#12 57.09 [INFO] Downloading from spring-snapshot: https://repo.spring.io/snapshot/org/apache/logging/log4j/log4j-bom/2.20.0/log4j-bom-2.20.0.pom
#12 57.65 [INFO] Downloading from central: https://repo.maven.apache.org/maven2/org/apache/logging/log4j/log4j-bom/2.20.0/log4j-bom-2.20.0.pom
#12 57.85 [INFO] Downloaded from central: https://repo.maven.apache.org/maven2/org/apache/logging/log4j/log4j-bom/2.20.0/log4j-bom-2.20.0.pom (9.0 kB at 45 kB/s)
#12 57.85 [INFO] Downloading from sonatype-oss-snapshots: https://oss.sonatype.org/content/repositories/snapshots/org/apache/logging/logging-parent/7/logging-parent-7.pom
#12 58.51 [INFO] Downloading from spring-milestone: https://repo.spring.io/milestone/org/apache/logging/logging-parent/7/logging-parent-7.pom
#12 62.68 [INFO] Downloading from spring-snapshot: https://repo.spring.io/snapshot/org/apache/logging/logging-parent/7/logging-parent-7.pom
#12 63.67 [INFO] Downloading from central: https://repo.maven.apache.org/maven2/org/apache/logging/logging-parent/7/logging-parent-7.pom
#12 63.86 [INFO] Downloaded from central: https://repo.maven.apache.org/maven2/org/apache/logging/logging-parent/7/logging-parent-7.pom (3.3 kB at 17 kB/s)
#12 63.86 [INFO] Downloading from sonatype-oss-snapshots: https://oss.sonatype.org/content/repositories/snapshots/io/micrometer/micrometer-bom/1.11.0/micrometer-bom-1.11.0.pom
#12 64.11 [INFO] Downloading from spring-milestone: https://repo.spring.io/milestone/io/micrometer/micrometer-bom/1.11.0/micrometer-bom-1.11.0.pom
#12 64.67 [INFO] Downloading from spring-snapshot: https://repo.spring.io/snapshot/io/micrometer/micrometer-bom/1.11.0/micrometer-bom-1.11.0.pom
#12 65.22 [INFO] Downloading from central: https://repo.maven.apache.org/maven2/io/micrometer/micrometer-bom/1.11.0/micrometer-bom-1.11.0.pom
#12 65.40 [INFO] Downloaded from central: https://repo.maven.apache.org/maven2/io/micrometer/micrometer-bom/1.11.0/micrometer-bom-1.11.0.pom (7.9 kB at 42 kB/s)
#12 65.41 [INFO] Downloading from sonatype-oss-snapshots: https://oss.sonatype.org/content/repositories/snapshots/io/micrometer/micrometer-tracing-bom/1.1.1/micrometer-tracing-bom-1.1.1.pom
#12 65.64 [INFO] Downloading from spring-milestone: https://repo.spring.io/milestone/io/micrometer/micrometer-tracing-bom/1.1.1/micrometer-tracing-bom-1.1.1.pom
#12 65.89 [INFO] Downloading from spring-snapshot: https://repo.spring.io/snapshot/io/micrometer/micrometer-tracing-bom/1.1.1/micrometer-tracing-bom-1.1.1.pom
#12 66.13 [INFO] Downloading from central: https://repo.maven.apache.org/maven2/io/micrometer/micrometer-tracing-bom/1.1.1/micrometer-tracing-bom-1.1.1.pom
#12 66.32 [INFO] Downloaded from central: https://repo.maven.apache.org/maven2/io/micrometer/micrometer-tracing-bom/1.1.1/micrometer-tracing-bom-1.1.1.pom (4.4 kB at 23 kB/s)
#12 66.32 [INFO] Downloading from sonatype-oss-snapshots: https://oss.sonatype.org/content/repositories/snapshots/org/mockito/mockito-bom/5.3.1/mockito-bom-5.3.1.pom
#12 66.70 [INFO] Downloading from spring-milestone: https://repo.spring.io/milestone/org/mockito/mockito-bom/5.3.1/mockito-bom-5.3.1.pom
#12 66.95 [INFO] Downloading from spring-snapshot: https://repo.spring.io/snapshot/org/mockito/mockito-bom/5.3.1/mockito-bom-5.3.1.pom
#12 67.20 [INFO] Downloading from central: https://repo.maven.apache.org/maven2/org/mockito/mockito-bom/5.3.1/mockito-bom-5.3.1.pom
#12 67.39 [INFO] Downloaded from central: https://repo.maven.apache.org/maven2/org/mockito/mockito-bom/5.3.1/mockito-bom-5.3.1.pom (3.0 kB at 16 kB/s)
#12 67.39 [INFO] Downloading from sonatype-oss-snapshots: https://oss.sonatype.org/content/repositories/snapshots/io/netty/netty-bom/4.1.92.Final/netty-bom-4.1.92.Final.pom
#12 68.05 [INFO] Downloading from spring-milestone: https://repo.spring.io/milestone/io/netty/netty-bom/4.1.92.Final/netty-bom-4.1.92.Final.pom
#12 70.36 [INFO] Downloading from spring-snapshot: https://repo.spring.io/snapshot/io/netty/netty-bom/4.1.92.Final/netty-bom-4.1.92.Final.pom
#12 70.60 [INFO] Downloading from central: https://repo.maven.apache.org/maven2/io/netty/netty-bom/4.1.92.Final/netty-bom-4.1.92.Final.pom
#12 70.80 [INFO] Downloaded from central: https://repo.maven.apache.org/maven2/io/netty/netty-bom/4.1.92.Final/netty-bom-4.1.92.Final.pom (13 kB at 68 kB/s)
#12 70.80 [INFO] Downloading from sonatype-oss-snapshots: https://oss.sonatype.org/content/repositories/snapshots/com/squareup/okhttp3/okhttp-bom/4.10.0/okhttp-bom-4.10.0.pom
#12 71.04 [INFO] Downloading from spring-milestone: https://repo.spring.io/milestone/com/squareup/okhttp3/okhttp-bom/4.10.0/okhttp-bom-4.10.0.pom
#12 72.00 [INFO] Downloading from spring-snapshot: https://repo.spring.io/snapshot/com/squareup/okhttp3/okhttp-bom/4.10.0/okhttp-bom-4.10.0.pom
#12 72.99 [INFO] Downloading from central: https://repo.maven.apache.org/maven2/com/squareup/okhttp3/okhttp-bom/4.10.0/okhttp-bom-4.10.0.pom
#12 73.18 [INFO] Downloaded from central: https://repo.maven.apache.org/maven2/com/squareup/okhttp3/okhttp-bom/4.10.0/okhttp-bom-4.10.0.pom (3.1 kB at 16 kB/s)
#12 73.18 [INFO] Downloading from sonatype-oss-snapshots: https://oss.sonatype.org/content/repositories/snapshots/io/opentelemetry/opentelemetry-bom/1.25.0/opentelemetry-bom-1.25.0.pom
#12 73.43 [INFO] Downloading from spring-milestone: https://repo.spring.io/milestone/io/opentelemetry/opentelemetry-bom/1.25.0/opentelemetry-bom-1.25.0.pom
#12 73.67 [INFO] Downloading from spring-snapshot: https://repo.spring.io/snapshot/io/opentelemetry/opentelemetry-bom/1.25.0/opentelemetry-bom-1.25.0.pom
#12 73.92 [INFO] Downloading from central: https://repo.maven.apache.org/maven2/io/opentelemetry/opentelemetry-bom/1.25.0/opentelemetry-bom-1.25.0.pom
#12 74.11 [INFO] Downloaded from central: https://repo.maven.apache.org/maven2/io/opentelemetry/opentelemetry-bom/1.25.0/opentelemetry-bom-1.25.0.pom (6.0 kB at 32 kB/s)
#12 74.11 [INFO] Downloading from sonatype-oss-snapshots: https://oss.sonatype.org/content/repositories/snapshots/com/oracle/database/jdbc/ojdbc-bom/21.9.0.0/ojdbc-bom-21.9.0.0.pom
#12 74.76 [INFO] Downloading from spring-milestone: https://repo.spring.io/milestone/com/oracle/database/jdbc/ojdbc-bom/21.9.0.0/ojdbc-bom-21.9.0.0.pom
#12 75.33 [INFO] Downloading from spring-snapshot: https://repo.spring.io/snapshot/com/oracle/database/jdbc/ojdbc-bom/21.9.0.0/ojdbc-bom-21.9.0.0.pom
#12 75.57 [INFO] Downloading from central: https://repo.maven.apache.org/maven2/com/oracle/database/jdbc/ojdbc-bom/21.9.0.0/ojdbc-bom-21.9.0.0.pom
#12 75.76 [INFO] Downloaded from central: https://repo.maven.apache.org/maven2/com/oracle/database/jdbc/ojdbc-bom/21.9.0.0/ojdbc-bom-21.9.0.0.pom (13 kB at 67 kB/s)
#12 75.76 [INFO] Downloading from sonatype-oss-snapshots: https://oss.sonatype.org/content/repositories/snapshots/io/projectreactor/reactor-bom/2022.0.7/reactor-bom-2022.0.7.pom
#12 76.01 [INFO] Downloading from spring-milestone: https://repo.spring.io/milestone/io/projectreactor/reactor-bom/2022.0.7/reactor-bom-2022.0.7.pom
#12 76.25 [INFO] Downloading from spring-snapshot: https://repo.spring.io/snapshot/io/projectreactor/reactor-bom/2022.0.7/reactor-bom-2022.0.7.pom
#12 77.24 [INFO] Downloading from central: https://repo.maven.apache.org/maven2/io/projectreactor/reactor-bom/2022.0.7/reactor-bom-2022.0.7.pom
#12 77.43 [INFO] Downloaded from central: https://repo.maven.apache.org/maven2/io/projectreactor/reactor-bom/2022.0.7/reactor-bom-2022.0.7.pom (4.8 kB at 25 kB/s)
#12 77.43 [INFO] Downloading from sonatype-oss-snapshots: https://oss.sonatype.org/content/repositories/snapshots/io/rest-assured/rest-assured-bom/5.3.0/rest-assured-bom-5.3.0.pom
#12 78.09 [INFO] Downloading from spring-milestone: https://repo.spring.io/milestone/io/rest-assured/rest-assured-bom/5.3.0/rest-assured-bom-5.3.0.pom
#12 79.07 [INFO] Downloading from spring-snapshot: https://repo.spring.io/snapshot/io/rest-assured/rest-assured-bom/5.3.0/rest-assured-bom-5.3.0.pom
#12 79.32 [INFO] Downloading from central: https://repo.maven.apache.org/maven2/io/rest-assured/rest-assured-bom/5.3.0/rest-assured-bom-5.3.0.pom
#12 79.51 [INFO] Downloaded from central: https://repo.maven.apache.org/maven2/io/rest-assured/rest-assured-bom/5.3.0/rest-assured-bom-5.3.0.pom (4.3 kB at 22 kB/s)
#12 79.51 [INFO] Downloading from sonatype-oss-snapshots: https://oss.sonatype.org/content/repositories/snapshots/org/springframework/batch/spring-batch-bom/5.0.2/spring-batch-bom-5.0.2.pom
#12 79.75 [INFO] Downloading from spring-milestone: https://repo.spring.io/milestone/org/springframework/batch/spring-batch-bom/5.0.2/spring-batch-bom-5.0.2.pom
#12 82.20 [INFO] Downloading from spring-snapshot: https://repo.spring.io/snapshot/org/springframework/batch/spring-batch-bom/5.0.2/spring-batch-bom-5.0.2.pom
#12 82.44 [INFO] Downloading from central: https://repo.maven.apache.org/maven2/org/springframework/batch/spring-batch-bom/5.0.2/spring-batch-bom-5.0.2.pom
#12 82.63 [INFO] Downloaded from central: https://repo.maven.apache.org/maven2/org/springframework/batch/spring-batch-bom/5.0.2/spring-batch-bom-5.0.2.pom (3.2 kB at 17 kB/s)
#12 82.63 [INFO] Downloading from sonatype-oss-snapshots: https://oss.sonatype.org/content/repositories/snapshots/org/springframework/data/spring-data-bom/2023.0.0/spring-data-bom-2023.0.0.pom
#12 82.87 [INFO] Downloading from spring-milestone: https://repo.spring.io/milestone/org/springframework/data/spring-data-bom/2023.0.0/spring-data-bom-2023.0.0.pom
#12 84.04 [INFO] Downloading from spring-snapshot: https://repo.spring.io/snapshot/org/springframework/data/spring-data-bom/2023.0.0/spring-data-bom-2023.0.0.pom
#12 84.28 [INFO] Downloading from central: https://repo.maven.apache.org/maven2/org/springframework/data/spring-data-bom/2023.0.0/spring-data-bom-2023.0.0.pom
#12 84.47 [INFO] Downloaded from central: https://repo.maven.apache.org/maven2/org/springframework/data/spring-data-bom/2023.0.0/spring-data-bom-2023.0.0.pom (5.5 kB at 29 kB/s)
#12 84.48 [INFO] Downloading from sonatype-oss-snapshots: https://oss.sonatype.org/content/repositories/snapshots/org/springframework/spring-framework-bom/6.0.9/spring-framework-bom-6.0.9.pom
#12 84.71 [INFO] Downloading from spring-milestone: https://repo.spring.io/milestone/org/springframework/spring-framework-bom/6.0.9/spring-framework-bom-6.0.9.pom
#12 84.95 [INFO] Downloading from spring-snapshot: https://repo.spring.io/snapshot/org/springframework/spring-framework-bom/6.0.9/spring-framework-bom-6.0.9.pom
#12 85.19 [INFO] Downloading from central: https://repo.maven.apache.org/maven2/org/springframework/spring-framework-bom/6.0.9/spring-framework-bom-6.0.9.pom
#12 85.39 [INFO] Downloaded from central: https://repo.maven.apache.org/maven2/org/springframework/spring-framework-bom/6.0.9/spring-framework-bom-6.0.9.pom (5.8 kB at 30 kB/s)
#12 85.39 [INFO] Downloading from sonatype-oss-snapshots: https://oss.sonatype.org/content/repositories/snapshots/org/springframework/integration/spring-integration-bom/6.1.0/spring-integration-bom-6.1.0.pom
#12 85.62 [INFO] Downloading from spring-milestone: https://repo.spring.io/milestone/org/springframework/integration/spring-integration-bom/6.1.0/spring-integration-bom-6.1.0.pom
#12 86.19 [INFO] Downloading from spring-snapshot: https://repo.spring.io/snapshot/org/springframework/integration/spring-integration-bom/6.1.0/spring-integration-bom-6.1.0.pom
#12 87.20 [INFO] Downloading from central: https://repo.maven.apache.org/maven2/org/springframework/integration/spring-integration-bom/6.1.0/spring-integration-bom-6.1.0.pom
#12 87.39 [INFO] Downloaded from central: https://repo.maven.apache.org/maven2/org/springframework/integration/spring-integration-bom/6.1.0/spring-integration-bom-6.1.0.pom (9.9 kB at 52 kB/s)
#12 87.40 [INFO] Downloading from sonatype-oss-snapshots: https://oss.sonatype.org/content/repositories/snapshots/org/springframework/restdocs/spring-restdocs-bom/3.0.0/spring-restdocs-bom-3.0.0.pom
#12 87.65 [INFO] Downloading from spring-milestone: https://repo.spring.io/milestone/org/springframework/restdocs/spring-restdocs-bom/3.0.0/spring-restdocs-bom-3.0.0.pom
#12 87.89 [INFO] Downloading from spring-snapshot: https://repo.spring.io/snapshot/org/springframework/restdocs/spring-restdocs-bom/3.0.0/spring-restdocs-bom-3.0.0.pom
#12 88.14 [INFO] Downloading from central: https://repo.maven.apache.org/maven2/org/springframework/restdocs/spring-restdocs-bom/3.0.0/spring-restdocs-bom-3.0.0.pom
#12 88.33 [INFO] Downloaded from central: https://repo.maven.apache.org/maven2/org/springframework/restdocs/spring-restdocs-bom/3.0.0/spring-restdocs-bom-3.0.0.pom (2.6 kB at 14 kB/s)
#12 88.33 [INFO] Downloading from sonatype-oss-snapshots: https://oss.sonatype.org/content/repositories/snapshots/org/springframework/security/spring-security-bom/6.1.0/spring-security-bom-6.1.0.pom
#12 88.57 [INFO] Downloading from spring-milestone: https://repo.spring.io/milestone/org/springframework/security/spring-security-bom/6.1.0/spring-security-bom-6.1.0.pom
#12 88.81 [INFO] Downloading from spring-snapshot: https://repo.spring.io/snapshot/org/springframework/security/spring-security-bom/6.1.0/spring-security-bom-6.1.0.pom
#12 89.06 [INFO] Downloading from central: https://repo.maven.apache.org/maven2/org/springframework/security/spring-security-bom/6.1.0/spring-security-bom-6.1.0.pom
#12 89.25 [INFO] Downloaded from central: https://repo.maven.apache.org/maven2/org/springframework/security/spring-security-bom/6.1.0/spring-security-bom-6.1.0.pom (5.3 kB at 28 kB/s)
#12 89.26 [INFO] Downloading from sonatype-oss-snapshots: https://oss.sonatype.org/content/repositories/snapshots/org/springframework/session/spring-session-bom/3.1.0/spring-session-bom-3.1.0.pom
#12 89.50 [INFO] Downloading from spring-milestone: https://repo.spring.io/milestone/org/springframework/session/spring-session-bom/3.1.0/spring-session-bom-3.1.0.pom
#12 90.07 [INFO] Downloading from spring-snapshot: https://repo.spring.io/snapshot/org/springframework/session/spring-session-bom/3.1.0/spring-session-bom-3.1.0.pom
#12 90.31 [INFO] Downloading from central: https://repo.maven.apache.org/maven2/org/springframework/session/spring-session-bom/3.1.0/spring-session-bom-3.1.0.pom
#12 90.50 [INFO] Downloaded from central: https://repo.maven.apache.org/maven2/org/springframework/session/spring-session-bom/3.1.0/spring-session-bom-3.1.0.pom (2.9 kB at 15 kB/s)
#12 90.50 [INFO] Downloading from sonatype-oss-snapshots: https://oss.sonatype.org/content/repositories/snapshots/org/springframework/ws/spring-ws-bom/4.0.4/spring-ws-bom-4.0.4.pom
#12 91.61 [INFO] Downloading from spring-milestone: https://repo.spring.io/milestone/org/springframework/ws/spring-ws-bom/4.0.4/spring-ws-bom-4.0.4.pom
#12 91.87 [INFO] Downloading from spring-snapshot: https://repo.spring.io/snapshot/org/springframework/ws/spring-ws-bom/4.0.4/spring-ws-bom-4.0.4.pom
#12 92.87 [INFO] Downloading from central: https://repo.maven.apache.org/maven2/org/springframework/ws/spring-ws-bom/4.0.4/spring-ws-bom-4.0.4.pom
#12 93.06 [INFO] Downloaded from central: https://repo.maven.apache.org/maven2/org/springframework/ws/spring-ws-bom/4.0.4/spring-ws-bom-4.0.4.pom (3.5 kB at 18 kB/s)
#12 93.06 [INFO] Downloading from sonatype-oss-snapshots: https://oss.sonatype.org/content/repositories/snapshots/org/testcontainers/testcontainers-bom/1.18.0/testcontainers-bom-1.18.0.pom
#12 93.30 [INFO] Downloading from spring-milestone: https://repo.spring.io/milestone/org/testcontainers/testcontainers-bom/1.18.0/testcontainers-bom-1.18.0.pom
#12 94.29 [INFO] Downloading from spring-snapshot: https://repo.spring.io/snapshot/org/testcontainers/testcontainers-bom/1.18.0/testcontainers-bom-1.18.0.pom
#12 94.53 [INFO] Downloading from central: https://repo.maven.apache.org/maven2/org/testcontainers/testcontainers-bom/1.18.0/testcontainers-bom-1.18.0.pom
#12 94.72 [INFO] Downloaded from central: https://repo.maven.apache.org/maven2/org/testcontainers/testcontainers-bom/1.18.0/testcontainers-bom-1.18.0.pom (8.7 kB at 46 kB/s)
#12 94.73 [INFO] Downloading from central: https://repo.maven.apache.org/maven2/org/mybatis/spring/boot/mybatis-spring-boot-autoconfigure/3.0.2/mybatis-spring-boot-autoconfigure-3.0.2.pom
#12 94.92 [INFO] Downloaded from central: https://repo.maven.apache.org/maven2/org/mybatis/spring/boot/mybatis-spring-boot-autoconfigure/3.0.2/mybatis-spring-boot-autoconfigure-3.0.2.pom (4.0 kB at 20 kB/s)
#12 94.93 [INFO] Downloading from central: https://repo.maven.apache.org/maven2/org/mybatis/mybatis/3.5.13/mybatis-3.5.13.pom
#12 95.12 [INFO] Downloaded from central: https://repo.maven.apache.org/maven2/org/mybatis/mybatis/3.5.13/mybatis-3.5.13.pom (15 kB at 78 kB/s)
#12 95.12 [INFO] Downloading from central: https://repo.maven.apache.org/maven2/org/mybatis/mybatis-spring/3.0.2/mybatis-spring-3.0.2.pom
#12 95.32 [INFO] Downloaded from central: https://repo.maven.apache.org/maven2/org/mybatis/mybatis-spring/3.0.2/mybatis-spring-3.0.2.pom (14 kB at 72 kB/s)
#12 95.32 [INFO] Downloading from central: https://repo.maven.apache.org/maven2/com/mysql/mysql-connector-j/8.1.0/mysql-connector-j-8.1.0.pom
#12 95.51 [INFO] Downloaded from central: https://repo.maven.apache.org/maven2/com/mysql/mysql-connector-j/8.1.0/mysql-connector-j-8.1.0.pom (3.2 kB at 17 kB/s)
#12 95.51 [INFO] Downloading from central: https://repo.maven.apache.org/maven2/org/springframework/boot/spring-boot-starter-validation/3.2.12/spring-boot-starter-validation-3.2.12.pom
#12 95.70 [INFO] Downloaded from central: https://repo.maven.apache.org/maven2/org/springframework/boot/spring-boot-starter-validation/3.2.12/spring-boot-starter-validation-3.2.12.pom (2.5 kB at 13 kB/s)
#12 95.70 [INFO] Downloading from central: https://repo.maven.apache.org/maven2/org/hibernate/validator/hibernate-validator/8.0.1.Final/hibernate-validator-8.0.1.Final.pom
#12 95.89 [INFO] Downloaded from central: https://repo.maven.apache.org/maven2/org/hibernate/validator/hibernate-validator/8.0.1.Final/hibernate-validator-8.0.1.Final.pom (15 kB at 77 kB/s)
#12 95.90 [INFO] Downloading from central: https://repo.maven.apache.org/maven2/org/hibernate/validator/hibernate-validator-parent/8.0.1.Final/hibernate-validator-parent-8.0.1.Final.pom
#12 96.09 [INFO] Downloaded from central: https://repo.maven.apache.org/maven2/org/hibernate/validator/hibernate-validator-parent/8.0.1.Final/hibernate-validator-parent-8.0.1.Final.pom (81 kB at 412 kB/s)
#12 96.10 [INFO] Downloading from central: https://repo.maven.apache.org/maven2/org/jboss/arquillian/arquillian-bom/1.7.0.Alpha10/arquillian-bom-1.7.0.Alpha10.pom
#12 96.28 [INFO] Downloaded from central: https://repo.maven.apache.org/maven2/org/jboss/arquillian/arquillian-bom/1.7.0.Alpha10/arquillian-bom-1.7.0.Alpha10.pom (10 kB at 56 kB/s)
#12 96.28 [INFO] Downloading from central: https://repo.maven.apache.org/maven2/org/jboss/shrinkwrap/shrinkwrap-bom/1.2.6/shrinkwrap-bom-1.2.6.pom
#12 96.48 [INFO] Downloaded from central: https://repo.maven.apache.org/maven2/org/jboss/shrinkwrap/shrinkwrap-bom/1.2.6/shrinkwrap-bom-1.2.6.pom (4.0 kB at 21 kB/s)
#12 96.48 [INFO] Downloading from central: https://repo.maven.apache.org/maven2/org/jboss/shrinkwrap/resolver/shrinkwrap-resolver-bom/3.1.4/shrinkwrap-resolver-bom-3.1.4.pom
#12 96.67 [INFO] Downloaded from central: https://repo.maven.apache.org/maven2/org/jboss/shrinkwrap/resolver/shrinkwrap-resolver-bom/3.1.4/shrinkwrap-resolver-bom-3.1.4.pom (7.0 kB at 37 kB/s)
#12 96.67 [INFO] Downloading from central: https://repo.maven.apache.org/maven2/org/apache/maven/maven/3.6.3/maven-3.6.3.pom
#12 96.86 [INFO] Downloaded from central: https://repo.maven.apache.org/maven2/org/apache/maven/maven/3.6.3/maven-3.6.3.pom (26 kB at 139 kB/s)
#12 96.86 [INFO] Downloading from central: https://repo.maven.apache.org/maven2/org/apache/maven/maven-parent/33/maven-parent-33.pom
#12 97.06 [INFO] Downloaded from central: https://repo.maven.apache.org/maven2/org/apache/maven/maven-parent/33/maven-parent-33.pom (44 kB at 230 kB/s)
#12 97.06 [INFO] Downloading from central: https://repo.maven.apache.org/maven2/org/apache/apache/21/apache-21.pom
#12 97.25 [INFO] Downloaded from central: https://repo.maven.apache.org/maven2/org/apache/apache/21/apache-21.pom (17 kB at 91 kB/s)
#12 97.25 [INFO] Downloading from central: https://repo.maven.apache.org/maven2/org/jboss/shrinkwrap/descriptors/shrinkwrap-descriptors-bom/2.0.0/shrinkwrap-descriptors-bom-2.0.0.pom
#12 97.44 [INFO] Downloaded from central: https://repo.maven.apache.org/maven2/org/jboss/shrinkwrap/descriptors/shrinkwrap-descriptors-bom/2.0.0/shrinkwrap-descriptors-bom-2.0.0.pom (5.2 kB at 27 kB/s)
#12 97.44 [INFO] Downloading from central: https://repo.maven.apache.org/maven2/jakarta/validation/jakarta.validation-api/3.0.2/jakarta.validation-api-3.0.2.pom
#12 97.63 [INFO] Downloaded from central: https://repo.maven.apache.org/maven2/jakarta/validation/jakarta.validation-api/3.0.2/jakarta.validation-api-3.0.2.pom (11 kB at 58 kB/s)
#12 97.63 [INFO] Downloading from central: https://repo.maven.apache.org/maven2/org/eclipse/ee4j/project/1.0.6/project-1.0.6.pom
#12 97.82 [INFO] Downloaded from central: https://repo.maven.apache.org/maven2/org/eclipse/ee4j/project/1.0.6/project-1.0.6.pom (13 kB at 71 kB/s)
#12 97.83 [INFO] Downloading from central: https://repo.maven.apache.org/maven2/org/jboss/logging/jboss-logging/3.5.3.Final/jboss-logging-3.5.3.Final.pom
#12 98.02 [INFO] Downloaded from central: https://repo.maven.apache.org/maven2/org/jboss/logging/jboss-logging/3.5.3.Final/jboss-logging-3.5.3.Final.pom (19 kB at 96 kB/s)
#12 98.02 [INFO] Downloading from central: https://repo.maven.apache.org/maven2/org/jboss/logging/logging-parent/1.0.1.Final/logging-parent-1.0.1.Final.pom
#12 98.22 [INFO] Downloaded from central: https://repo.maven.apache.org/maven2/org/jboss/logging/logging-parent/1.0.1.Final/logging-parent-1.0.1.Final.pom (6.0 kB at 31 kB/s)
#12 98.22 [INFO] Downloading from central: https://repo.maven.apache.org/maven2/com/fasterxml/classmate/1.6.0/classmate-1.6.0.pom
#12 98.41 [INFO] Downloaded from central: https://repo.maven.apache.org/maven2/com/fasterxml/classmate/1.6.0/classmate-1.6.0.pom (6.6 kB at 35 kB/s)
#12 98.41 [INFO] Downloading from central: https://repo.maven.apache.org/maven2/com/fasterxml/oss-parent/55/oss-parent-55.pom
#12 98.60 [INFO] Downloaded from central: https://repo.maven.apache.org/maven2/com/fasterxml/oss-parent/55/oss-parent-55.pom (24 kB at 122 kB/s)
#12 98.62 [INFO] Downloading from central: https://repo.maven.apache.org/maven2/org/springframework/boot/spring-boot-starter-web/3.2.12/spring-boot-starter-web-3.2.12.jar
#12 98.81 [INFO] Downloaded from central: https://repo.maven.apache.org/maven2/org/springframework/boot/spring-boot-starter-web/3.2.12/spring-boot-starter-web-3.2.12.jar (4.8 kB at 25 kB/s)
#12 98.82 [INFO] Downloading from central: https://repo.maven.apache.org/maven2/org/springframework/boot/spring-boot-starter/3.2.12/spring-boot-starter-3.2.12.jar
#12 98.82 [INFO] Downloading from central: https://repo.maven.apache.org/maven2/org/springframework/boot/spring-boot/3.2.12/spring-boot-3.2.12.jar
#12 98.82 [INFO] Downloading from central: https://repo.maven.apache.org/maven2/org/springframework/boot/spring-boot-autoconfigure/3.2.12/spring-boot-autoconfigure-3.2.12.jar
#12 98.82 [INFO] Downloading from central: https://repo.maven.apache.org/maven2/org/springframework/boot/spring-boot-starter-logging/3.2.12/spring-boot-starter-logging-3.2.12.jar
#12 98.82 [INFO] Downloading from central: https://repo.maven.apache.org/maven2/ch/qos/logback/logback-classic/1.4.14/logback-classic-1.4.14.jar
#12 99.01 [INFO] Downloaded from central: https://repo.maven.apache.org/maven2/org/springframework/boot/spring-boot-starter/3.2.12/spring-boot-starter-3.2.12.jar (4.8 kB at 25 kB/s)
#12 99.01 [INFO] Downloading from central: https://repo.maven.apache.org/maven2/ch/qos/logback/logback-core/1.4.14/logback-core-1.4.14.jar
#12 99.50 [INFO] Downloaded from central: https://repo.maven.apache.org/maven2/org/springframework/boot/spring-boot-starter-logging/3.2.12/spring-boot-starter-logging-3.2.12.jar (4.8 kB at 7.0 kB/s)
#12 99.50 [INFO] Downloading from central: https://repo.maven.apache.org/maven2/org/apache/logging/log4j/log4j-to-slf4j/2.21.1/log4j-to-slf4j-2.21.1.jar
#12 99.58 [INFO] Downloaded from central: https://repo.maven.apache.org/maven2/ch/qos/logback/logback-core/1.4.14/logback-core-1.4.14.jar (597 kB at 781 kB/s)
#12 99.58 [INFO] Downloading from central: https://repo.maven.apache.org/maven2/org/apache/logging/log4j/log4j-api/2.21.1/log4j-api-2.21.1.jar
#12 99.73 [INFO] Downloaded from central: https://repo.maven.apache.org/maven2/org/apache/logging/log4j/log4j-to-slf4j/2.21.1/log4j-to-slf4j-2.21.1.jar (23 kB at 25 kB/s)
#12 99.73 [INFO] Downloading from central: https://repo.maven.apache.org/maven2/org/slf4j/jul-to-slf4j/2.0.16/jul-to-slf4j-2.0.16.jar
#12 99.83 [INFO] Downloaded from central: https://repo.maven.apache.org/maven2/org/apache/logging/log4j/log4j-api/2.21.1/log4j-api-2.21.1.jar (317 kB at 314 kB/s)
#12 99.83 [INFO] Downloading from central: https://repo.maven.apache.org/maven2/jakarta/annotation/jakarta.annotation-api/2.1.1/jakarta.annotation-api-2.1.1.jar
#12 99.91 [INFO] Downloaded from central: https://repo.maven.apache.org/maven2/ch/qos/logback/logback-classic/1.4.14/logback-classic-1.4.14.jar (284 kB at 258 kB/s)
#12 99.91 [INFO] Downloading from central: https://repo.maven.apache.org/maven2/org/springframework/spring-core/6.1.15/spring-core-6.1.15.jar
#12 99.94 [INFO] Downloaded from central: https://repo.maven.apache.org/maven2/org/slf4j/jul-to-slf4j/2.0.16/jul-to-slf4j-2.0.16.jar (6.4 kB at 5.7 kB/s)
#12 99.94 [INFO] Downloading from central: https://repo.maven.apache.org/maven2/org/springframework/spring-jcl/6.1.15/spring-jcl-6.1.15.jar
#12 100.0 [INFO] Downloaded from central: https://repo.maven.apache.org/maven2/jakarta/annotation/jakarta.annotation-api/2.1.1/jakarta.annotation-api-2.1.1.jar (26 kB at 22 kB/s)
#12 100.0 [INFO] Downloading from central: https://repo.maven.apache.org/maven2/org/yaml/snakeyaml/2.2/snakeyaml-2.2.jar
#12 100.2 [INFO] Downloaded from central: https://repo.maven.apache.org/maven2/org/springframework/spring-jcl/6.1.15/spring-jcl-6.1.15.jar (25 kB at 18 kB/s)
#12 100.2 [INFO] Downloading from central: https://repo.maven.apache.org/maven2/org/springframework/boot/spring-boot-starter-json/3.2.12/spring-boot-starter-json-3.2.12.jar
#12 100.3 [INFO] Downloaded from central: https://repo.maven.apache.org/maven2/org/yaml/snakeyaml/2.2/snakeyaml-2.2.jar (334 kB at 228 kB/s)
#12 100.3 [INFO] Downloading from central: https://repo.maven.apache.org/maven2/com/fasterxml/jackson/core/jackson-databind/2.15.4/jackson-databind-2.15.4.jar
#12 100.4 [INFO] Downloaded from central: https://repo.maven.apache.org/maven2/org/springframework/boot/spring-boot-starter-json/3.2.12/spring-boot-starter-json-3.2.12.jar (4.7 kB at 3.0 kB/s)
#12 100.4 [INFO] Downloading from central: https://repo.maven.apache.org/maven2/com/fasterxml/jackson/core/jackson-annotations/2.15.4/jackson-annotations-2.15.4.jar
#12 100.5 [INFO] Downloaded from central: https://repo.maven.apache.org/maven2/org/springframework/boot/spring-boot/3.2.12/spring-boot-3.2.12.jar (1.6 MB at 978 kB/s)
#12 100.5 [INFO] Downloading from central: https://repo.maven.apache.org/maven2/com/fasterxml/jackson/core/jackson-core/2.15.4/jackson-core-2.15.4.jar
#12 100.5 [INFO] Downloaded from central: https://repo.maven.apache.org/maven2/org/springframework/boot/spring-boot-autoconfigure/3.2.12/spring-boot-autoconfigure-3.2.12.jar (1.9 MB at 1.1 MB/s)
#12 100.5 [INFO] Downloading from central: https://repo.maven.apache.org/maven2/com/fasterxml/jackson/datatype/jackson-datatype-jdk8/2.15.4/jackson-datatype-jdk8-2.15.4.jar
#12 100.7 [INFO] Downloaded from central: https://repo.maven.apache.org/maven2/com/fasterxml/jackson/core/jackson-annotations/2.15.4/jackson-annotations-2.15.4.jar (76 kB at 41 kB/s)
#12 100.7 [INFO] Downloading from central: https://repo.maven.apache.org/maven2/com/fasterxml/jackson/datatype/jackson-datatype-jsr310/2.15.4/jackson-datatype-jsr310-2.15.4.jar
#12 100.7 [INFO] Downloaded from central: https://repo.maven.apache.org/maven2/com/fasterxml/jackson/datatype/jackson-datatype-jdk8/2.15.4/jackson-datatype-jdk8-2.15.4.jar (36 kB at 19 kB/s)
#12 100.7 [INFO] Downloading from central: https://repo.maven.apache.org/maven2/com/fasterxml/jackson/module/jackson-module-parameter-names/2.15.4/jackson-module-parameter-names-2.15.4.jar
#12 101.0 [INFO] Downloaded from central: https://repo.maven.apache.org/maven2/com/fasterxml/jackson/module/jackson-module-parameter-names/2.15.4/jackson-module-parameter-names-2.15.4.jar (10 kB at 4.8 kB/s)
#12 101.0 [INFO] Downloading from central: https://repo.maven.apache.org/maven2/org/springframework/boot/spring-boot-starter-tomcat/3.2.12/spring-boot-starter-tomcat-3.2.12.jar
#12 101.0 [INFO] Downloaded from central: https://repo.maven.apache.org/maven2/com/fasterxml/jackson/datatype/jackson-datatype-jsr310/2.15.4/jackson-datatype-jsr310-2.15.4.jar (123 kB at 56 kB/s)
#12 101.0 [INFO] Downloading from central: https://repo.maven.apache.org/maven2/org/apache/tomcat/embed/tomcat-embed-core/10.1.33/tomcat-embed-core-10.1.33.jar
#12 101.0 [INFO] Downloaded from central: https://repo.maven.apache.org/maven2/com/fasterxml/jackson/core/jackson-core/2.15.4/jackson-core-2.15.4.jar (548 kB at 251 kB/s)
#12 101.0 [INFO] Downloading from central: https://repo.maven.apache.org/maven2/org/apache/tomcat/embed/tomcat-embed-websocket/10.1.33/tomcat-embed-websocket-10.1.33.jar
#12 101.0 [INFO] Downloaded from central: https://repo.maven.apache.org/maven2/com/fasterxml/jackson/core/jackson-databind/2.15.4/jackson-databind-2.15.4.jar (1.6 MB at 741 kB/s)
#12 101.0 [INFO] Downloading from central: https://repo.maven.apache.org/maven2/org/springframework/spring-web/6.1.15/spring-web-6.1.15.jar
#12 101.0 [INFO] Downloaded from central: https://repo.maven.apache.org/maven2/org/springframework/spring-core/6.1.15/spring-core-6.1.15.jar (1.9 MB at 860 kB/s)
#12 101.0 [INFO] Downloading from central: https://repo.maven.apache.org/maven2/org/springframework/spring-beans/6.1.15/spring-beans-6.1.15.jar
#12 101.2 [INFO] Downloaded from central: https://repo.maven.apache.org/maven2/org/springframework/boot/spring-boot-starter-tomcat/3.2.12/spring-boot-starter-tomcat-3.2.12.jar (4.8 kB at 2.0 kB/s)
#12 101.2 [INFO] Downloading from central: https://repo.maven.apache.org/maven2/io/micrometer/micrometer-observation/1.12.13/micrometer-observation-1.12.13.jar
#12 101.3 [INFO] Downloaded from central: https://repo.maven.apache.org/maven2/org/apache/tomcat/embed/tomcat-embed-websocket/10.1.33/tomcat-embed-websocket-10.1.33.jar (283 kB at 115 kB/s)
#12 101.3 [INFO] Downloading from central: https://repo.maven.apache.org/maven2/io/micrometer/micrometer-commons/1.12.13/micrometer-commons-1.12.13.jar
#12 101.4 [INFO] Downloaded from central: https://repo.maven.apache.org/maven2/io/micrometer/micrometer-observation/1.12.13/micrometer-observation-1.12.13.jar (72 kB at 28 kB/s)
#12 101.4 [INFO] Downloading from central: https://repo.maven.apache.org/maven2/org/springframework/spring-webmvc/6.1.15/spring-webmvc-6.1.15.jar
#12 101.5 [INFO] Downloaded from central: https://repo.maven.apache.org/maven2/io/micrometer/micrometer-commons/1.12.13/micrometer-commons-1.12.13.jar (47 kB at 18 kB/s)
#12 101.5 [INFO] Downloading from central: https://repo.maven.apache.org/maven2/org/springframework/spring-aop/6.1.15/spring-aop-6.1.15.jar
#12 101.6 [INFO] Downloaded from central: https://repo.maven.apache.org/maven2/org/springframework/spring-beans/6.1.15/spring-beans-6.1.15.jar (863 kB at 309 kB/s)
#12 101.6 [INFO] Downloading from central: https://repo.maven.apache.org/maven2/org/springframework/spring-context/6.1.15/spring-context-6.1.15.jar
#12 101.7 [INFO] Downloaded from central: https://repo.maven.apache.org/maven2/org/springframework/spring-webmvc/6.1.15/spring-webmvc-6.1.15.jar (1.0 MB at 363 kB/s)
#12 101.7 [INFO] Downloading from central: https://repo.maven.apache.org/maven2/org/springframework/spring-expression/6.1.15/spring-expression-6.1.15.jar
#12 101.7 [INFO] Downloaded from central: https://repo.maven.apache.org/maven2/org/springframework/spring-aop/6.1.15/spring-aop-6.1.15.jar (418 kB at 143 kB/s)
#12 101.7 [INFO] Downloading from central: https://repo.maven.apache.org/maven2/org/springframework/boot/spring-boot-starter-jdbc/3.2.12/spring-boot-starter-jdbc-3.2.12.jar
#12 101.8 [INFO] Downloaded from central: https://repo.maven.apache.org/maven2/org/springframework/spring-web/6.1.15/spring-web-6.1.15.jar (1.9 MB at 636 kB/s)
#12 101.8 [INFO] Downloading from central: https://repo.maven.apache.org/maven2/com/zaxxer/HikariCP/5.0.1/HikariCP-5.0.1.jar
#12 101.9 [INFO] Downloaded from central: https://repo.maven.apache.org/maven2/org/springframework/spring-context/6.1.15/spring-context-6.1.15.jar (1.3 MB at 422 kB/s)
#12 101.9 [INFO] Downloading from central: https://repo.maven.apache.org/maven2/org/slf4j/slf4j-api/2.0.16/slf4j-api-2.0.16.jar
#12 101.9 [INFO] Downloaded from central: https://repo.maven.apache.org/maven2/org/springframework/spring-expression/6.1.15/spring-expression-6.1.15.jar (304 kB at 97 kB/s)
#12 101.9 [INFO] Downloading from central: https://repo.maven.apache.org/maven2/org/springframework/spring-jdbc/6.1.15/spring-jdbc-6.1.15.jar
#12 102.0 [INFO] Downloaded from central: https://repo.maven.apache.org/maven2/org/springframework/boot/spring-boot-starter-jdbc/3.2.12/spring-boot-starter-jdbc-3.2.12.jar (4.8 kB at 1.5 kB/s)
#12 102.0 [INFO] Downloading from central: https://repo.maven.apache.org/maven2/org/springframework/spring-tx/6.1.15/spring-tx-6.1.15.jar
#12 102.0 [INFO] Downloaded from central: https://repo.maven.apache.org/maven2/com/zaxxer/HikariCP/5.0.1/HikariCP-5.0.1.jar (162 kB at 50 kB/s)
#12 102.0 [INFO] Downloading from central: https://repo.maven.apache.org/maven2/org/mybatis/spring/boot/mybatis-spring-boot-starter/3.0.2/mybatis-spring-boot-starter-3.0.2.jar
#12 102.1 [INFO] Downloaded from central: https://repo.maven.apache.org/maven2/org/slf4j/slf4j-api/2.0.16/slf4j-api-2.0.16.jar (69 kB at 21 kB/s)
#12 102.1 [INFO] Downloading from central: https://repo.maven.apache.org/maven2/org/mybatis/spring/boot/mybatis-spring-boot-autoconfigure/3.0.2/mybatis-spring-boot-autoconfigure-3.0.2.jar
#12 102.2 [INFO] Downloaded from central: https://repo.maven.apache.org/maven2/org/springframework/spring-jdbc/6.1.15/spring-jdbc-6.1.15.jar (468 kB at 139 kB/s)
#12 102.2 [INFO] Downloading from central: https://repo.maven.apache.org/maven2/org/mybatis/mybatis/3.5.13/mybatis-3.5.13.jar
#12 102.2 [INFO] Downloaded from central: https://repo.maven.apache.org/maven2/org/springframework/spring-tx/6.1.15/spring-tx-6.1.15.jar (282 kB at 83 kB/s)
#12 102.2 [INFO] Downloading from central: https://repo.maven.apache.org/maven2/org/mybatis/mybatis-spring/3.0.2/mybatis-spring-3.0.2.jar
#12 102.2 [INFO] Downloaded from central: https://repo.maven.apache.org/maven2/org/mybatis/spring/boot/mybatis-spring-boot-starter/3.0.2/mybatis-spring-boot-starter-3.0.2.jar (2.4 kB at 698 B/s)
#12 102.2 [INFO] Downloading from central: https://repo.maven.apache.org/maven2/com/mysql/mysql-connector-j/8.1.0/mysql-connector-j-8.1.0.jar
#12 102.3 [INFO] Downloaded from central: https://repo.maven.apache.org/maven2/org/mybatis/spring/boot/mybatis-spring-boot-autoconfigure/3.0.2/mybatis-spring-boot-autoconfigure-3.0.2.jar (37 kB at 11 kB/s)
#12 102.3 [INFO] Downloading from central: https://repo.maven.apache.org/maven2/org/springframework/boot/spring-boot-starter-validation/3.2.12/spring-boot-starter-validation-3.2.12.jar
#12 102.5 [INFO] Downloaded from central: https://repo.maven.apache.org/maven2/org/mybatis/mybatis-spring/3.0.2/mybatis-spring-3.0.2.jar (76 kB at 21 kB/s)
#12 102.5 [INFO] Downloading from central: https://repo.maven.apache.org/maven2/org/apache/tomcat/embed/tomcat-embed-el/10.1.33/tomcat-embed-el-10.1.33.jar
#12 102.8 [INFO] Downloaded from central: https://repo.maven.apache.org/maven2/org/apache/tomcat/embed/tomcat-embed-el/10.1.33/tomcat-embed-el-10.1.33.jar (264 kB at 67 kB/s)
#12 102.8 [INFO] Downloading from central: https://repo.maven.apache.org/maven2/org/hibernate/validator/hibernate-validator/8.0.1.Final/hibernate-validator-8.0.1.Final.jar
#12 103.0 [INFO] Downloaded from central: https://repo.maven.apache.org/maven2/org/springframework/boot/spring-boot-starter-validation/3.2.12/spring-boot-starter-validation-3.2.12.jar (4.8 kB at 1.1 kB/s)
#12 103.0 [INFO] Downloading from central: https://repo.maven.apache.org/maven2/jakarta/validation/jakarta.validation-api/3.0.2/jakarta.validation-api-3.0.2.jar
#12 103.1 [INFO] Downloaded from central: https://repo.maven.apache.org/maven2/org/hibernate/validator/hibernate-validator/8.0.1.Final/hibernate-validator-8.0.1.Final.jar (1.3 MB at 309 kB/s)
#12 103.1 [INFO] Downloading from central: https://repo.maven.apache.org/maven2/org/jboss/logging/jboss-logging/3.5.3.Final/jboss-logging-3.5.3.Final.jar
#12 103.2 [INFO] Downloaded from central: https://repo.maven.apache.org/maven2/jakarta/validation/jakarta.validation-api/3.0.2/jakarta.validation-api-3.0.2.jar (93 kB at 21 kB/s)
#12 103.2 [INFO] Downloading from central: https://repo.maven.apache.org/maven2/com/fasterxml/classmate/1.6.0/classmate-1.6.0.jar
#12 103.3 [INFO] Downloaded from central: https://repo.maven.apache.org/maven2/org/mybatis/mybatis/3.5.13/mybatis-3.5.13.jar (1.8 MB at 395 kB/s)
#12 103.4 [INFO] Downloaded from central: https://repo.maven.apache.org/maven2/org/jboss/logging/jboss-logging/3.5.3.Final/jboss-logging-3.5.3.Final.jar (59 kB at 13 kB/s)
#12 103.4 [INFO] Downloaded from central: https://repo.maven.apache.org/maven2/com/fasterxml/classmate/1.6.0/classmate-1.6.0.jar (69 kB at 15 kB/s)
#12 103.7 [INFO] Downloaded from central: https://repo.maven.apache.org/maven2/org/apache/tomcat/embed/tomcat-embed-core/10.1.33/tomcat-embed-core-10.1.33.jar (3.6 MB at 742 kB/s)
#12 103.7 [INFO] Downloaded from central: https://repo.maven.apache.org/maven2/com/mysql/mysql-connector-j/8.1.0/mysql-connector-j-8.1.0.jar (2.5 MB at 510 kB/s)
#12 103.7 [INFO] 
#12 103.7 [INFO] --- resources:3.3.1:resources (default-resources) @ backend ---
#12 103.7 [INFO] Downloading from central: https://repo.maven.apache.org/maven2/org/codehaus/plexus/plexus-interpolation/1.26/plexus-interpolation-1.26.pom
#12 103.9 [INFO] Downloaded from central: https://repo.maven.apache.org/maven2/org/codehaus/plexus/plexus-interpolation/1.26/plexus-interpolation-1.26.pom (2.7 kB at 14 kB/s)
#12 103.9 [INFO] Downloading from central: https://repo.maven.apache.org/maven2/org/codehaus/plexus/plexus/5.1/plexus-5.1.pom
#12 104.1 [INFO] Downloaded from central: https://repo.maven.apache.org/maven2/org/codehaus/plexus/plexus/5.1/plexus-5.1.pom (23 kB at 115 kB/s)
#12 104.1 [INFO] Downloading from central: https://repo.maven.apache.org/maven2/org/codehaus/plexus/plexus-utils/3.5.1/plexus-utils-3.5.1.pom
#12 104.3 [INFO] Downloaded from central: https://repo.maven.apache.org/maven2/org/codehaus/plexus/plexus-utils/3.5.1/plexus-utils-3.5.1.pom (8.8 kB at 45 kB/s)
#12 104.3 [INFO] Downloading from central: https://repo.maven.apache.org/maven2/org/codehaus/plexus/plexus/10/plexus-10.pom
#12 104.5 [INFO] Downloaded from central: https://repo.maven.apache.org/maven2/org/codehaus/plexus/plexus/10/plexus-10.pom (25 kB at 128 kB/s)
#12 104.5 [INFO] Downloading from central: https://repo.maven.apache.org/maven2/org/apache/maven/shared/maven-filtering/3.3.1/maven-filtering-3.3.1.pom
#12 104.7 [INFO] Downloaded from central: https://repo.maven.apache.org/maven2/org/apache/maven/shared/maven-filtering/3.3.1/maven-filtering-3.3.1.pom (6.0 kB at 28 kB/s)
#12 104.7 [INFO] Downloading from central: https://repo.maven.apache.org/maven2/org/apache/maven/shared/maven-shared-components/39/maven-shared-components-39.pom
#12 104.9 [INFO] Downloaded from central: https://repo.maven.apache.org/maven2/org/apache/maven/shared/maven-shared-components/39/maven-shared-components-39.pom (3.2 kB at 16 kB/s)
#12 104.9 [INFO] Downloading from central: https://repo.maven.apache.org/maven2/javax/inject/javax.inject/1/javax.inject-1.pom
#12 105.1 [INFO] Downloaded from central: https://repo.maven.apache.org/maven2/javax/inject/javax.inject/1/javax.inject-1.pom (612 B at 3.1 kB/s)
#12 105.1 [INFO] Downloading from central: https://repo.maven.apache.org/maven2/org/slf4j/slf4j-api/1.7.36/slf4j-api-1.7.36.pom
#12 105.4 [INFO] Downloaded from central: https://repo.maven.apache.org/maven2/org/slf4j/slf4j-api/1.7.36/slf4j-api-1.7.36.pom (2.7 kB at 12 kB/s)
#12 105.4 [INFO] Downloading from central: https://repo.maven.apache.org/maven2/org/slf4j/slf4j-parent/1.7.36/slf4j-parent-1.7.36.pom
#12 105.6 [INFO] Downloaded from central: https://repo.maven.apache.org/maven2/org/slf4j/slf4j-parent/1.7.36/slf4j-parent-1.7.36.pom (14 kB at 69 kB/s)
#12 105.6 [INFO] Downloading from central: https://repo.maven.apache.org/maven2/org/sonatype/plexus/plexus-build-api/0.0.7/plexus-build-api-0.0.7.pom
#12 105.8 [INFO] Downloaded from central: https://repo.maven.apache.org/maven2/org/sonatype/plexus/plexus-build-api/0.0.7/plexus-build-api-0.0.7.pom (3.2 kB at 14 kB/s)
#12 105.8 [INFO] Downloading from central: https://repo.maven.apache.org/maven2/org/sonatype/spice/spice-parent/15/spice-parent-15.pom
#12 106.0 [INFO] Downloaded from central: https://repo.maven.apache.org/maven2/org/sonatype/spice/spice-parent/15/spice-parent-15.pom (8.4 kB at 42 kB/s)
#12 106.0 [INFO] Downloading from central: https://repo.maven.apache.org/maven2/org/sonatype/forge/forge-parent/5/forge-parent-5.pom
#12 106.2 [INFO] Downloaded from central: https://repo.maven.apache.org/maven2/org/sonatype/forge/forge-parent/5/forge-parent-5.pom (8.4 kB at 43 kB/s)
#12 106.2 [INFO] Downloading from central: https://repo.maven.apache.org/maven2/org/codehaus/plexus/plexus-utils/3.5.0/plexus-utils-3.5.0.pom
#12 106.4 [INFO] Downloaded from central: https://repo.maven.apache.org/maven2/org/codehaus/plexus/plexus-utils/3.5.0/plexus-utils-3.5.0.pom (8.0 kB at 40 kB/s)
#12 106.4 [INFO] Downloading from central: https://repo.maven.apache.org/maven2/commons-io/commons-io/2.11.0/commons-io-2.11.0.pom
#12 106.6 [INFO] Downloaded from central: https://repo.maven.apache.org/maven2/commons-io/commons-io/2.11.0/commons-io-2.11.0.pom (20 kB at 99 kB/s)
#12 106.6 [INFO] Downloading from central: https://repo.maven.apache.org/maven2/org/apache/commons/commons-parent/52/commons-parent-52.pom
#12 106.8 [INFO] Downloaded from central: https://repo.maven.apache.org/maven2/org/apache/commons/commons-parent/52/commons-parent-52.pom (79 kB at 398 kB/s)
#12 106.8 [INFO] Downloading from central: https://repo.maven.apache.org/maven2/org/apache/apache/23/apache-23.pom
#12 107.0 [INFO] Downloaded from central: https://repo.maven.apache.org/maven2/org/apache/apache/23/apache-23.pom (18 kB at 94 kB/s)
#12 107.0 [INFO] Downloading from central: https://repo.maven.apache.org/maven2/org/junit/junit-bom/5.7.2/junit-bom-5.7.2.pom
#12 107.2 [INFO] Downloaded from central: https://repo.maven.apache.org/maven2/org/junit/junit-bom/5.7.2/junit-bom-5.7.2.pom (5.1 kB at 26 kB/s)
#12 107.2 [INFO] Downloading from central: https://repo.maven.apache.org/maven2/org/apache/commons/commons-lang3/3.12.0/commons-lang3-3.12.0.pom
#12 107.4 [INFO] Downloaded from central: https://repo.maven.apache.org/maven2/org/apache/commons/commons-lang3/3.12.0/commons-lang3-3.12.0.pom (31 kB at 152 kB/s)
#12 107.4 [INFO] Downloading from central: https://repo.maven.apache.org/maven2/org/junit/junit-bom/5.7.1/junit-bom-5.7.1.pom
#12 107.6 [INFO] Downloaded from central: https://repo.maven.apache.org/maven2/org/junit/junit-bom/5.7.1/junit-bom-5.7.1.pom (5.1 kB at 25 kB/s)
#12 107.6 [INFO] Downloading from central: https://repo.maven.apache.org/maven2/org/codehaus/plexus/plexus-interpolation/1.26/plexus-interpolation-1.26.jar
#12 107.8 [INFO] Downloaded from central: https://repo.maven.apache.org/maven2/org/codehaus/plexus/plexus-interpolation/1.26/plexus-interpolation-1.26.jar (85 kB at 381 kB/s)
#12 107.8 [INFO] Downloading from central: https://repo.maven.apache.org/maven2/org/codehaus/plexus/plexus-utils/3.5.1/plexus-utils-3.5.1.jar
#12 107.8 [INFO] Downloading from central: https://repo.maven.apache.org/maven2/org/apache/maven/shared/maven-filtering/3.3.1/maven-filtering-3.3.1.jar
#12 107.8 [INFO] Downloading from central: https://repo.maven.apache.org/maven2/javax/inject/javax.inject/1/javax.inject-1.jar
#12 107.8 [INFO] Downloading from central: https://repo.maven.apache.org/maven2/org/slf4j/slf4j-api/1.7.36/slf4j-api-1.7.36.jar
#12 107.8 [INFO] Downloading from central: https://repo.maven.apache.org/maven2/org/sonatype/plexus/plexus-build-api/0.0.7/plexus-build-api-0.0.7.jar
#12 108.0 [INFO] Downloaded from central: https://repo.maven.apache.org/maven2/javax/inject/javax.inject/1/javax.inject-1.jar (2.5 kB at 13 kB/s)
#12 108.0 [INFO] Downloading from central: https://repo.maven.apache.org/maven2/commons-io/commons-io/2.11.0/commons-io-2.11.0.jar
#12 108.1 [INFO] Downloaded from central: https://repo.maven.apache.org/maven2/org/slf4j/slf4j-api/1.7.36/slf4j-api-1.7.36.jar (41 kB at 194 kB/s)
#12 108.1 [INFO] Downloading from central: https://repo.maven.apache.org/maven2/org/apache/commons/commons-lang3/3.12.0/commons-lang3-3.12.0.jar
#12 108.1 [INFO] Downloaded from central: https://repo.maven.apache.org/maven2/org/sonatype/plexus/plexus-build-api/0.0.7/plexus-build-api-0.0.7.jar (8.5 kB at 39 kB/s)
#12 108.1 [INFO] Downloaded from central: https://repo.maven.apache.org/maven2/org/apache/maven/shared/maven-filtering/3.3.1/maven-filtering-3.3.1.jar (55 kB at 240 kB/s)
#12 108.1 [INFO] Downloaded from central: https://repo.maven.apache.org/maven2/org/codehaus/plexus/plexus-utils/3.5.1/plexus-utils-3.5.1.jar (269 kB at 1.1 MB/s)
#12 108.3 [INFO] Downloaded from central: https://repo.maven.apache.org/maven2/commons-io/commons-io/2.11.0/commons-io-2.11.0.jar (327 kB at 740 kB/s)
#12 108.3 [INFO] Downloaded from central: https://repo.maven.apache.org/maven2/org/apache/commons/commons-lang3/3.12.0/commons-lang3-3.12.0.jar (587 kB at 1.2 MB/s)
#12 108.4 [INFO] Copying 1 resource from src/main/resources to target/classes
#12 108.4 [INFO] Copying 1 resource from src/main/resources to target/classes
#12 108.4 [INFO] 
#12 108.4 [INFO] --- compiler:3.11.0:compile (default-compile) @ backend ---
#12 108.4 [INFO] Downloading from central: https://repo.maven.apache.org/maven2/org/apache/maven/shared/maven-shared-utils/3.3.4/maven-shared-utils-3.3.4.pom
#12 108.6 [INFO] Downloaded from central: https://repo.maven.apache.org/maven2/org/apache/maven/shared/maven-shared-utils/3.3.4/maven-shared-utils-3.3.4.pom (5.8 kB at 27 kB/s)
#12 108.6 [INFO] Downloading from central: https://repo.maven.apache.org/maven2/org/apache/maven/shared/maven-shared-components/34/maven-shared-components-34.pom
#12 108.8 [INFO] Downloaded from central: https://repo.maven.apache.org/maven2/org/apache/maven/shared/maven-shared-components/34/maven-shared-components-34.pom (5.1 kB at 25 kB/s)
#12 108.8 [INFO] Downloading from central: https://repo.maven.apache.org/maven2/org/apache/maven/maven-parent/34/maven-parent-34.pom
#12 109.0 [INFO] Downloaded from central: https://repo.maven.apache.org/maven2/org/apache/maven/maven-parent/34/maven-parent-34.pom (43 kB at 211 kB/s)
#12 109.0 [INFO] Downloading from central: https://repo.maven.apache.org/maven2/commons-io/commons-io/2.6/commons-io-2.6.pom
#12 109.2 [INFO] Downloaded from central: https://repo.maven.apache.org/maven2/commons-io/commons-io/2.6/commons-io-2.6.pom (14 kB at 71 kB/s)
#12 109.2 [INFO] Downloading from central: https://repo.maven.apache.org/maven2/org/apache/commons/commons-parent/42/commons-parent-42.pom
#12 109.4 [INFO] Downloaded from central: https://repo.maven.apache.org/maven2/org/apache/commons/commons-parent/42/commons-parent-42.pom (68 kB at 335 kB/s)
#12 109.4 [INFO] Downloading from central: https://repo.maven.apache.org/maven2/org/apache/apache/18/apache-18.pom
#12 109.6 [INFO] Downloaded from central: https://repo.maven.apache.org/maven2/org/apache/apache/18/apache-18.pom (16 kB at 78 kB/s)
#12 109.6 [INFO] Downloading from central: https://repo.maven.apache.org/maven2/org/apache/maven/shared/maven-shared-incremental/1.1/maven-shared-incremental-1.1.pom
#12 109.8 [INFO] Downloaded from central: https://repo.maven.apache.org/maven2/org/apache/maven/shared/maven-shared-incremental/1.1/maven-shared-incremental-1.1.pom (4.7 kB at 23 kB/s)
#12 109.8 [INFO] Downloading from central: https://repo.maven.apache.org/maven2/org/apache/maven/shared/maven-shared-components/19/maven-shared-components-19.pom
#12 110.0 [INFO] Downloaded from central: https://repo.maven.apache.org/maven2/org/apache/maven/shared/maven-shared-components/19/maven-shared-components-19.pom (6.4 kB at 32 kB/s)
#12 110.0 [INFO] Downloading from central: https://repo.maven.apache.org/maven2/org/apache/maven/maven-parent/23/maven-parent-23.pom
#12 110.2 [INFO] Downloaded from central: https://repo.maven.apache.org/maven2/org/apache/maven/maven-parent/23/maven-parent-23.pom (33 kB at 163 kB/s)
#12 110.2 [INFO] Downloading from central: https://repo.maven.apache.org/maven2/org/apache/apache/13/apache-13.pom
#12 110.4 [INFO] Downloaded from central: https://repo.maven.apache.org/maven2/org/apache/apache/13/apache-13.pom (14 kB at 70 kB/s)
#12 110.4 [INFO] Downloading from central: https://repo.maven.apache.org/maven2/org/codehaus/plexus/plexus-component-annotations/1.5.5/plexus-component-annotations-1.5.5.pom
#12 110.6 [INFO] Downloaded from central: https://repo.maven.apache.org/maven2/org/codehaus/plexus/plexus-component-annotations/1.5.5/plexus-component-annotations-1.5.5.pom (815 B at 4.1 kB/s)
#12 110.6 [INFO] Downloading from central: https://repo.maven.apache.org/maven2/org/codehaus/plexus/plexus-containers/1.5.5/plexus-containers-1.5.5.pom
#12 110.9 [INFO] Downloaded from central: https://repo.maven.apache.org/maven2/org/codehaus/plexus/plexus-containers/1.5.5/plexus-containers-1.5.5.pom (4.2 kB at 21 kB/s)
#12 110.9 [INFO] Downloading from central: https://repo.maven.apache.org/maven2/org/codehaus/plexus/plexus/2.0.7/plexus-2.0.7.pom
#12 111.1 [INFO] Downloaded from central: https://repo.maven.apache.org/maven2/org/codehaus/plexus/plexus/2.0.7/plexus-2.0.7.pom (17 kB at 86 kB/s)
#12 111.1 [INFO] Downloading from central: https://repo.maven.apache.org/maven2/org/codehaus/plexus/plexus-java/1.1.2/plexus-java-1.1.2.pom
#12 111.3 [INFO] Downloaded from central: https://repo.maven.apache.org/maven2/org/codehaus/plexus/plexus-java/1.1.2/plexus-java-1.1.2.pom (5.0 kB at 24 kB/s)
#12 111.3 [INFO] Downloading from central: https://repo.maven.apache.org/maven2/org/codehaus/plexus/plexus-languages/1.1.2/plexus-languages-1.1.2.pom
#12 111.5 [INFO] Downloaded from central: https://repo.maven.apache.org/maven2/org/codehaus/plexus/plexus-languages/1.1.2/plexus-languages-1.1.2.pom (4.1 kB at 20 kB/s)
#12 111.5 [INFO] Downloading from central: https://repo.maven.apache.org/maven2/org/ow2/asm/asm/9.4/asm-9.4.pom
#12 111.7 [INFO] Downloaded from central: https://repo.maven.apache.org/maven2/org/ow2/asm/asm/9.4/asm-9.4.pom (2.4 kB at 12 kB/s)
#12 111.7 [INFO] Downloading from central: https://repo.maven.apache.org/maven2/com/thoughtworks/qdox/qdox/2.0.3/qdox-2.0.3.pom
#12 111.9 [INFO] Downloaded from central: https://repo.maven.apache.org/maven2/com/thoughtworks/qdox/qdox/2.0.3/qdox-2.0.3.pom (17 kB at 83 kB/s)
#12 111.9 [INFO] Downloading from central: https://repo.maven.apache.org/maven2/org/codehaus/plexus/plexus-compiler-api/2.13.0/plexus-compiler-api-2.13.0.pom
#12 112.1 [INFO] Downloaded from central: https://repo.maven.apache.org/maven2/org/codehaus/plexus/plexus-compiler-api/2.13.0/plexus-compiler-api-2.13.0.pom (1.1 kB at 5.2 kB/s)
#12 112.1 [INFO] Downloading from central: https://repo.maven.apache.org/maven2/org/codehaus/plexus/plexus-compiler/2.13.0/plexus-compiler-2.13.0.pom
#12 112.3 [INFO] Downloaded from central: https://repo.maven.apache.org/maven2/org/codehaus/plexus/plexus-compiler/2.13.0/plexus-compiler-2.13.0.pom (8.4 kB at 41 kB/s)
#12 112.3 [INFO] Downloading from central: https://repo.maven.apache.org/maven2/org/codehaus/plexus/plexus-components/10.0/plexus-components-10.0.pom
#12 112.5 [INFO] Downloaded from central: https://repo.maven.apache.org/maven2/org/codehaus/plexus/plexus-components/10.0/plexus-components-10.0.pom (2.7 kB at 13 kB/s)
#12 112.5 [INFO] Downloading from central: https://repo.maven.apache.org/maven2/org/junit/junit-bom/5.9.1/junit-bom-5.9.1.pom
#12 112.7 [INFO] Downloaded from central: https://repo.maven.apache.org/maven2/org/junit/junit-bom/5.9.1/junit-bom-5.9.1.pom (5.6 kB at 28 kB/s)
#12 112.7 [INFO] Downloading from central: https://repo.maven.apache.org/maven2/org/codehaus/plexus/plexus-compiler-manager/2.13.0/plexus-compiler-manager-2.13.0.pom
#12 112.9 [INFO] Downloaded from central: https://repo.maven.apache.org/maven2/org/codehaus/plexus/plexus-compiler-manager/2.13.0/plexus-compiler-manager-2.13.0.pom (1.1 kB at 5.7 kB/s)
#12 112.9 [INFO] Downloading from central: https://repo.maven.apache.org/maven2/org/codehaus/plexus/plexus-component-annotations/2.1.1/plexus-component-annotations-2.1.1.pom
#12 113.1 [INFO] Downloaded from central: https://repo.maven.apache.org/maven2/org/codehaus/plexus/plexus-component-annotations/2.1.1/plexus-component-annotations-2.1.1.pom (770 B at 3.9 kB/s)
#12 113.1 [INFO] Downloading from central: https://repo.maven.apache.org/maven2/org/codehaus/plexus/plexus-containers/2.1.1/plexus-containers-2.1.1.pom
#12 113.3 [INFO] Downloaded from central: https://repo.maven.apache.org/maven2/org/codehaus/plexus/plexus-containers/2.1.1/plexus-containers-2.1.1.pom (6.0 kB at 30 kB/s)
#12 113.3 [INFO] Downloading from central: https://repo.maven.apache.org/maven2/org/codehaus/plexus/plexus/6.5/plexus-6.5.pom
#12 113.5 [INFO] Downloaded from central: https://repo.maven.apache.org/maven2/org/codehaus/plexus/plexus/6.5/plexus-6.5.pom (26 kB at 127 kB/s)
#12 113.5 [INFO] Downloading from central: https://repo.maven.apache.org/maven2/org/codehaus/plexus/plexus-compiler-javac/2.13.0/plexus-compiler-javac-2.13.0.pom
#12 113.7 [INFO] Downloaded from central: https://repo.maven.apache.org/maven2/org/codehaus/plexus/plexus-compiler-javac/2.13.0/plexus-compiler-javac-2.13.0.pom (1.2 kB at 5.8 kB/s)
#12 113.7 [INFO] Downloading from central: https://repo.maven.apache.org/maven2/org/codehaus/plexus/plexus-compilers/2.13.0/plexus-compilers-2.13.0.pom
#12 113.9 [INFO] Downloaded from central: https://repo.maven.apache.org/maven2/org/codehaus/plexus/plexus-compilers/2.13.0/plexus-compilers-2.13.0.pom (1.3 kB at 6.6 kB/s)
#12 113.9 [INFO] Downloading from central: https://repo.maven.apache.org/maven2/org/apache/maven/shared/maven-shared-utils/3.3.4/maven-shared-utils-3.3.4.jar
#12 114.2 [INFO] Downloaded from central: https://repo.maven.apache.org/maven2/org/apache/maven/shared/maven-shared-utils/3.3.4/maven-shared-utils-3.3.4.jar (153 kB at 716 kB/s)
#12 114.2 [INFO] Downloading from central: https://repo.maven.apache.org/maven2/commons-io/commons-io/2.6/commons-io-2.6.jar
#12 114.2 [INFO] Downloading from central: https://repo.maven.apache.org/maven2/org/apache/maven/shared/maven-shared-incremental/1.1/maven-shared-incremental-1.1.jar
#12 114.2 [INFO] Downloading from central: https://repo.maven.apache.org/maven2/org/codehaus/plexus/plexus-component-annotations/1.5.5/plexus-component-annotations-1.5.5.jar
#12 114.2 [INFO] Downloading from central: https://repo.maven.apache.org/maven2/org/codehaus/plexus/plexus-java/1.1.2/plexus-java-1.1.2.jar
#12 114.2 [INFO] Downloading from central: https://repo.maven.apache.org/maven2/org/ow2/asm/asm/9.4/asm-9.4.jar
#12 114.3 [INFO] Downloaded from central: https://repo.maven.apache.org/maven2/org/apache/maven/shared/maven-shared-incremental/1.1/maven-shared-incremental-1.1.jar (14 kB at 71 kB/s)
#12 114.3 [INFO] Downloading from central: https://repo.maven.apache.org/maven2/com/thoughtworks/qdox/qdox/2.0.3/qdox-2.0.3.jar
#12 114.4 [INFO] Downloaded from central: https://repo.maven.apache.org/maven2/org/codehaus/plexus/plexus-component-annotations/1.5.5/plexus-component-annotations-1.5.5.jar (4.2 kB at 21 kB/s)
#12 114.4 [INFO] Downloading from central: https://repo.maven.apache.org/maven2/org/codehaus/plexus/plexus-compiler-api/2.13.0/plexus-compiler-api-2.13.0.jar
#12 114.4 [INFO] Downloaded from central: https://repo.maven.apache.org/maven2/org/ow2/asm/asm/9.4/asm-9.4.jar (122 kB at 486 kB/s)
#12 114.4 [INFO] Downloading from central: https://repo.maven.apache.org/maven2/org/codehaus/plexus/plexus-utils/3.5.0/plexus-utils-3.5.0.jar
#12 114.4 [INFO] Downloaded from central: https://repo.maven.apache.org/maven2/commons-io/commons-io/2.6/commons-io-2.6.jar (215 kB at 842 kB/s)
#12 114.4 [INFO] Downloading from central: https://repo.maven.apache.org/maven2/org/codehaus/plexus/plexus-compiler-manager/2.13.0/plexus-compiler-manager-2.13.0.jar
#12 114.4 [INFO] Downloaded from central: https://repo.maven.apache.org/maven2/org/codehaus/plexus/plexus-java/1.1.2/plexus-java-1.1.2.jar (55 kB at 213 kB/s)
#12 114.4 [INFO] Downloading from central: https://repo.maven.apache.org/maven2/org/codehaus/plexus/plexus-compiler-javac/2.13.0/plexus-compiler-javac-2.13.0.jar
#12 114.6 [INFO] Downloaded from central: https://repo.maven.apache.org/maven2/org/codehaus/plexus/plexus-compiler-api/2.13.0/plexus-compiler-api-2.13.0.jar (27 kB at 68 kB/s)
#12 114.6 [INFO] Downloaded from central: https://repo.maven.apache.org/maven2/com/thoughtworks/qdox/qdox/2.0.3/qdox-2.0.3.jar (334 kB at 748 kB/s)
#12 114.6 [INFO] Downloaded from central: https://repo.maven.apache.org/maven2/org/codehaus/plexus/plexus-compiler-manager/2.13.0/plexus-compiler-manager-2.13.0.jar (4.7 kB at 10 kB/s)
#12 114.6 [INFO] Downloaded from central: https://repo.maven.apache.org/maven2/org/codehaus/plexus/plexus-compiler-javac/2.13.0/plexus-compiler-javac-2.13.0.jar (23 kB at 48 kB/s)
#12 114.6 [INFO] Downloaded from central: https://repo.maven.apache.org/maven2/org/codehaus/plexus/plexus-utils/3.5.0/plexus-utils-3.5.0.jar (267 kB at 557 kB/s)
#12 114.7 [INFO] Changes detected - recompiling the module! :source
#12 114.7 [INFO] Compiling 27 source files with javac [debug release 17] to target/classes
#12 115.3 [INFO] 
#12 115.3 [INFO] --- resources:3.3.1:testResources (default-testResources) @ backend ---
#12 115.3 [INFO] skip non existing resourceDirectory /workspace/src/test/resources
#12 115.3 [INFO] 
#12 115.3 [INFO] --- compiler:3.11.0:testCompile (default-testCompile) @ backend ---
#12 115.4 [INFO] No sources to compile
#12 115.4 [INFO] 
#12 115.4 [INFO] --- surefire:3.1.2:test (default-test) @ backend ---
#12 115.4 [INFO] Downloading from central: https://repo.maven.apache.org/maven2/org/apache/maven/surefire/maven-surefire-common/3.1.2/maven-surefire-common-3.1.2.pom
#12 115.6 [INFO] Downloaded from central: https://repo.maven.apache.org/maven2/org/apache/maven/surefire/maven-surefire-common/3.1.2/maven-surefire-common-3.1.2.pom (6.1 kB at 29 kB/s)
#12 115.6 [INFO] Downloading from central: https://repo.maven.apache.org/maven2/org/apache/maven/surefire/surefire-api/3.1.2/surefire-api-3.1.2.pom
#12 115.8 [INFO] Downloaded from central: https://repo.maven.apache.org/maven2/org/apache/maven/surefire/surefire-api/3.1.2/surefire-api-3.1.2.pom (3.5 kB at 18 kB/s)
#12 115.8 [INFO] Downloading from central: https://repo.maven.apache.org/maven2/org/apache/maven/surefire/surefire-logger-api/3.1.2/surefire-logger-api-3.1.2.pom
#12 116.0 [INFO] Downloaded from central: https://repo.maven.apache.org/maven2/org/apache/maven/surefire/surefire-logger-api/3.1.2/surefire-logger-api-3.1.2.pom (3.3 kB at 16 kB/s)
#12 116.0 [INFO] Downloading from central: https://repo.maven.apache.org/maven2/org/apache/maven/surefire/surefire-shared-utils/3.1.2/surefire-shared-utils-3.1.2.pom
#12 116.2 [INFO] Downloaded from central: https://repo.maven.apache.org/maven2/org/apache/maven/surefire/surefire-shared-utils/3.1.2/surefire-shared-utils-3.1.2.pom (4.1 kB at 20 kB/s)
#12 116.2 [INFO] Downloading from central: https://repo.maven.apache.org/maven2/org/apache/maven/surefire/surefire-extensions-api/3.1.2/surefire-extensions-api-3.1.2.pom
#12 116.4 [INFO] Downloaded from central: https://repo.maven.apache.org/maven2/org/apache/maven/surefire/surefire-extensions-api/3.1.2/surefire-extensions-api-3.1.2.pom (3.3 kB at 17 kB/s)
#12 116.4 [INFO] Downloading from central: https://repo.maven.apache.org/maven2/org/apache/maven/surefire/surefire-booter/3.1.2/surefire-booter-3.1.2.pom
#12 116.6 [INFO] Downloaded from central: https://repo.maven.apache.org/maven2/org/apache/maven/surefire/surefire-booter/3.1.2/surefire-booter-3.1.2.pom (4.5 kB at 22 kB/s)
#12 116.6 [INFO] Downloading from central: https://repo.maven.apache.org/maven2/org/apache/maven/surefire/surefire-extensions-spi/3.1.2/surefire-extensions-spi-3.1.2.pom
#12 116.8 [INFO] Downloaded from central: https://repo.maven.apache.org/maven2/org/apache/maven/surefire/surefire-extensions-spi/3.1.2/surefire-extensions-spi-3.1.2.pom (1.8 kB at 8.5 kB/s)
#12 116.8 [INFO] Downloading from central: https://repo.maven.apache.org/maven2/org/eclipse/aether/aether-util/1.0.0.v20140518/aether-util-1.0.0.v20140518.pom
#12 117.0 [INFO] Downloaded from central: https://repo.maven.apache.org/maven2/org/eclipse/aether/aether-util/1.0.0.v20140518/aether-util-1.0.0.v20140518.pom (2.2 kB at 11 kB/s)
#12 117.0 [INFO] Downloading from central: https://repo.maven.apache.org/maven2/org/eclipse/aether/aether/1.0.0.v20140518/aether-1.0.0.v20140518.pom
#12 117.2 [INFO] Downloaded from central: https://repo.maven.apache.org/maven2/org/eclipse/aether/aether/1.0.0.v20140518/aether-1.0.0.v20140518.pom (30 kB at 146 kB/s)
#12 117.2 [INFO] Downloading from central: https://repo.maven.apache.org/maven2/org/eclipse/aether/aether-api/1.0.0.v20140518/aether-api-1.0.0.v20140518.pom
#12 117.4 [INFO] Downloaded from central: https://repo.maven.apache.org/maven2/org/eclipse/aether/aether-api/1.0.0.v20140518/aether-api-1.0.0.v20140518.pom (1.9 kB at 9.6 kB/s)
#12 117.4 [INFO] Downloading from central: https://repo.maven.apache.org/maven2/org/apache/maven/shared/maven-common-artifact-filters/3.1.1/maven-common-artifact-filters-3.1.1.pom
#12 117.6 [INFO] Downloaded from central: https://repo.maven.apache.org/maven2/org/apache/maven/shared/maven-common-artifact-filters/3.1.1/maven-common-artifact-filters-3.1.1.pom (5.8 kB at 26 kB/s)
#12 117.6 [INFO] Downloading from central: https://repo.maven.apache.org/maven2/org/apache/maven/maven-artifact/3.2.5/maven-artifact-3.2.5.pom
#12 117.9 [INFO] Downloaded from central: https://repo.maven.apache.org/maven2/org/apache/maven/maven-artifact/3.2.5/maven-artifact-3.2.5.pom (2.3 kB at 11 kB/s)
#12 117.9 [INFO] Downloading from central: https://repo.maven.apache.org/maven2/org/apache/maven/maven/3.2.5/maven-3.2.5.pom
#12 118.1 [INFO] Downloaded from central: https://repo.maven.apache.org/maven2/org/apache/maven/maven/3.2.5/maven-3.2.5.pom (22 kB at 111 kB/s)
#12 118.1 [INFO] Downloading from central: https://repo.maven.apache.org/maven2/org/apache/maven/maven-parent/25/maven-parent-25.pom
#12 118.3 [INFO] Downloaded from central: https://repo.maven.apache.org/maven2/org/apache/maven/maven-parent/25/maven-parent-25.pom (37 kB at 183 kB/s)
#12 118.3 [INFO] Downloading from central: https://repo.maven.apache.org/maven2/org/apache/apache/15/apache-15.pom
#12 118.5 [INFO] Downloaded from central: https://repo.maven.apache.org/maven2/org/apache/apache/15/apache-15.pom (15 kB at 74 kB/s)
#12 118.5 [INFO] Downloading from central: https://repo.maven.apache.org/maven2/org/apache/maven/maven-core/3.2.5/maven-core-3.2.5.pom
#12 118.7 [INFO] Downloaded from central: https://repo.maven.apache.org/maven2/org/apache/maven/maven-core/3.2.5/maven-core-3.2.5.pom (8.1 kB at 39 kB/s)
#12 118.7 [INFO] Downloading from central: https://repo.maven.apache.org/maven2/org/apache/maven/maven-settings/3.2.5/maven-settings-3.2.5.pom
#12 118.9 [INFO] Downloaded from central: https://repo.maven.apache.org/maven2/org/apache/maven/maven-settings/3.2.5/maven-settings-3.2.5.pom (2.2 kB at 10 kB/s)
#12 118.9 [INFO] Downloading from central: https://repo.maven.apache.org/maven2/org/apache/maven/maven-settings-builder/3.2.5/maven-settings-builder-3.2.5.pom
#12 119.1 [INFO] Downloaded from central: https://repo.maven.apache.org/maven2/org/apache/maven/maven-settings-builder/3.2.5/maven-settings-builder-3.2.5.pom (2.6 kB at 13 kB/s)
#12 119.1 [INFO] Downloading from central: https://repo.maven.apache.org/maven2/org/codehaus/plexus/plexus-interpolation/1.21/plexus-interpolation-1.21.pom
#12 119.3 [INFO] Downloaded from central: https://repo.maven.apache.org/maven2/org/codehaus/plexus/plexus-interpolation/1.21/plexus-interpolation-1.21.pom (1.5 kB at 7.7 kB/s)
#12 119.3 [INFO] Downloading from central: https://repo.maven.apache.org/maven2/org/codehaus/plexus/plexus-components/1.3.1/plexus-components-1.3.1.pom
#12 119.5 [INFO] Downloaded from central: https://repo.maven.apache.org/maven2/org/codehaus/plexus/plexus-components/1.3.1/plexus-components-1.3.1.pom (3.1 kB at 15 kB/s)
#12 119.5 [INFO] Downloading from central: https://repo.maven.apache.org/maven2/org/codehaus/plexus/plexus/3.3.1/plexus-3.3.1.pom
#12 119.7 [INFO] Downloaded from central: https://repo.maven.apache.org/maven2/org/codehaus/plexus/plexus/3.3.1/plexus-3.3.1.pom (20 kB at 102 kB/s)
#12 119.7 [INFO] Downloading from central: https://repo.maven.apache.org/maven2/org/sonatype/spice/spice-parent/17/spice-parent-17.pom
#12 119.9 [INFO] Downloaded from central: https://repo.maven.apache.org/maven2/org/sonatype/spice/spice-parent/17/spice-parent-17.pom (6.8 kB at 32 kB/s)
#12 119.9 [INFO] Downloading from central: https://repo.maven.apache.org/maven2/org/sonatype/forge/forge-parent/10/forge-parent-10.pom
#12 120.1 [INFO] Downloaded from central: https://repo.maven.apache.org/maven2/org/sonatype/forge/forge-parent/10/forge-parent-10.pom (14 kB at 67 kB/s)
#12 120.1 [INFO] Downloading from central: https://repo.maven.apache.org/maven2/org/sonatype/plexus/plexus-sec-dispatcher/1.3/plexus-sec-dispatcher-1.3.pom
#12 120.3 [INFO] Downloaded from central: https://repo.maven.apache.org/maven2/org/sonatype/plexus/plexus-sec-dispatcher/1.3/plexus-sec-dispatcher-1.3.pom (3.0 kB at 15 kB/s)
#12 120.3 [INFO] Downloading from central: https://repo.maven.apache.org/maven2/org/sonatype/spice/spice-parent/12/spice-parent-12.pom
#12 120.5 [INFO] Downloaded from central: https://repo.maven.apache.org/maven2/org/sonatype/spice/spice-parent/12/spice-parent-12.pom (6.8 kB at 33 kB/s)
#12 120.5 [INFO] Downloading from central: https://repo.maven.apache.org/maven2/org/sonatype/forge/forge-parent/4/forge-parent-4.pom
#12 120.7 [INFO] Downloaded from central: https://repo.maven.apache.org/maven2/org/sonatype/forge/forge-parent/4/forge-parent-4.pom (8.4 kB at 42 kB/s)
#12 120.7 [INFO] Downloading from central: https://repo.maven.apache.org/maven2/org/sonatype/plexus/plexus-cipher/1.4/plexus-cipher-1.4.pom
#12 120.9 [INFO] Downloaded from central: https://repo.maven.apache.org/maven2/org/sonatype/plexus/plexus-cipher/1.4/plexus-cipher-1.4.pom (2.1 kB at 10 kB/s)
#12 121.0 [INFO] Downloading from central: https://repo.maven.apache.org/maven2/org/apache/maven/maven-repository-metadata/3.2.5/maven-repository-metadata-3.2.5.pom
#12 121.2 [INFO] Downloaded from central: https://repo.maven.apache.org/maven2/org/apache/maven/maven-repository-metadata/3.2.5/maven-repository-metadata-3.2.5.pom (2.2 kB at 11 kB/s)
#12 121.2 [INFO] Downloading from central: https://repo.maven.apache.org/maven2/org/apache/maven/maven-plugin-api/3.2.5/maven-plugin-api-3.2.5.pom
#12 121.4 [INFO] Downloaded from central: https://repo.maven.apache.org/maven2/org/apache/maven/maven-plugin-api/3.2.5/maven-plugin-api-3.2.5.pom (3.0 kB at 15 kB/s)
#12 121.4 [INFO] Downloading from central: https://repo.maven.apache.org/maven2/org/eclipse/sisu/org.eclipse.sisu.plexus/0.3.5/org.eclipse.sisu.plexus-0.3.5.pom
#12 121.6 [INFO] Downloaded from central: https://repo.maven.apache.org/maven2/org/eclipse/sisu/org.eclipse.sisu.plexus/0.3.5/org.eclipse.sisu.plexus-0.3.5.pom (4.3 kB at 21 kB/s)
#12 121.6 [INFO] Downloading from central: https://repo.maven.apache.org/maven2/org/eclipse/sisu/sisu-plexus/0.3.5/sisu-plexus-0.3.5.pom
#12 121.8 [INFO] Downloaded from central: https://repo.maven.apache.org/maven2/org/eclipse/sisu/sisu-plexus/0.3.5/sisu-plexus-0.3.5.pom (14 kB at 68 kB/s)
#12 121.8 [INFO] Downloading from central: https://repo.maven.apache.org/maven2/javax/annotation/javax.annotation-api/1.2/javax.annotation-api-1.2.pom
#12 122.0 [INFO] Downloaded from central: https://repo.maven.apache.org/maven2/javax/annotation/javax.annotation-api/1.2/javax.annotation-api-1.2.pom (13 kB at 64 kB/s)
#12 122.0 [INFO] Downloading from central: https://repo.maven.apache.org/maven2/net/java/jvnet-parent/3/jvnet-parent-3.pom
#12 122.2 [INFO] Downloaded from central: https://repo.maven.apache.org/maven2/net/java/jvnet-parent/3/jvnet-parent-3.pom (4.8 kB at 24 kB/s)
#12 122.2 [INFO] Downloading from central: https://repo.maven.apache.org/maven2/javax/enterprise/cdi-api/1.2/cdi-api-1.2.pom
#12 122.4 [INFO] Downloaded from central: https://repo.maven.apache.org/maven2/javax/enterprise/cdi-api/1.2/cdi-api-1.2.pom (6.3 kB at 31 kB/s)
#12 122.4 [INFO] Downloading from central: https://repo.maven.apache.org/maven2/org/jboss/weld/weld-parent/26/weld-parent-26.pom
#12 122.6 [INFO] Downloaded from central: https://repo.maven.apache.org/maven2/org/jboss/weld/weld-parent/26/weld-parent-26.pom (32 kB at 160 kB/s)
#12 122.6 [INFO] Downloading from central: https://repo.maven.apache.org/maven2/org/eclipse/sisu/org.eclipse.sisu.inject/0.3.5/org.eclipse.sisu.inject-0.3.5.pom
#12 122.8 [INFO] Downloaded from central: https://repo.maven.apache.org/maven2/org/eclipse/sisu/org.eclipse.sisu.inject/0.3.5/org.eclipse.sisu.inject-0.3.5.pom (2.6 kB at 13 kB/s)
#12 122.8 [INFO] Downloading from central: https://repo.maven.apache.org/maven2/org/eclipse/sisu/sisu-inject/0.3.5/sisu-inject-0.3.5.pom
#12 123.0 [INFO] Downloaded from central: https://repo.maven.apache.org/maven2/org/eclipse/sisu/sisu-inject/0.3.5/sisu-inject-0.3.5.pom (14 kB at 73 kB/s)
#12 123.0 [INFO] Downloading from central: https://repo.maven.apache.org/maven2/org/codehaus/plexus/plexus-classworlds/2.5.2/plexus-classworlds-2.5.2.pom
#12 123.2 [INFO] Downloaded from central: https://repo.maven.apache.org/maven2/org/codehaus/plexus/plexus-classworlds/2.5.2/plexus-classworlds-2.5.2.pom (7.3 kB at 35 kB/s)
#12 123.2 [INFO] Downloading from central: https://repo.maven.apache.org/maven2/org/apache/maven/maven-model-builder/3.2.5/maven-model-builder-3.2.5.pom
#12 123.4 [INFO] Downloaded from central: https://repo.maven.apache.org/maven2/org/apache/maven/maven-model-builder/3.2.5/maven-model-builder-3.2.5.pom (3.0 kB at 14 kB/s)
#12 123.4 [INFO] Downloading from central: https://repo.maven.apache.org/maven2/org/apache/maven/maven-aether-provider/3.2.5/maven-aether-provider-3.2.5.pom
#12 123.6 [INFO] Downloaded from central: https://repo.maven.apache.org/maven2/org/apache/maven/maven-aether-provider/3.2.5/maven-aether-provider-3.2.5.pom (4.2 kB at 19 kB/s)
#12 123.7 [INFO] Downloading from central: https://repo.maven.apache.org/maven2/org/eclipse/aether/aether-spi/1.0.0.v20140518/aether-spi-1.0.0.v20140518.pom
#12 123.9 [INFO] Downloaded from central: https://repo.maven.apache.org/maven2/org/eclipse/aether/aether-spi/1.0.0.v20140518/aether-spi-1.0.0.v20140518.pom (2.1 kB at 9.2 kB/s)
#12 123.9 [INFO] Downloading from central: https://repo.maven.apache.org/maven2/org/eclipse/aether/aether-impl/1.0.0.v20140518/aether-impl-1.0.0.v20140518.pom
#12 124.1 [INFO] Downloaded from central: https://repo.maven.apache.org/maven2/org/eclipse/aether/aether-impl/1.0.0.v20140518/aether-impl-1.0.0.v20140518.pom (3.5 kB at 17 kB/s)
#12 124.1 [INFO] Downloading from central: https://repo.maven.apache.org/maven2/org/sonatype/sisu/sisu-guice/3.2.3/sisu-guice-3.2.3.pom
#12 124.3 [INFO] Downloaded from central: https://repo.maven.apache.org/maven2/org/sonatype/sisu/sisu-guice/3.2.3/sisu-guice-3.2.3.pom (11 kB at 54 kB/s)
#12 124.3 [INFO] Downloading from central: https://repo.maven.apache.org/maven2/org/sonatype/sisu/inject/guice-parent/3.2.3/guice-parent-3.2.3.pom
#12 124.5 [INFO] Downloaded from central: https://repo.maven.apache.org/maven2/org/sonatype/sisu/inject/guice-parent/3.2.3/guice-parent-3.2.3.pom (13 kB at 66 kB/s)
#12 124.5 [INFO] Downloading from central: https://repo.maven.apache.org/maven2/org/sonatype/forge/forge-parent/38/forge-parent-38.pom
#12 124.7 [INFO] Downloaded from central: https://repo.maven.apache.org/maven2/org/sonatype/forge/forge-parent/38/forge-parent-38.pom (19 kB at 94 kB/s)
#12 124.7 [INFO] Downloading from central: https://repo.maven.apache.org/maven2/aopalliance/aopalliance/1.0/aopalliance-1.0.pom
#12 124.9 [INFO] Downloaded from central: https://repo.maven.apache.org/maven2/aopalliance/aopalliance/1.0/aopalliance-1.0.pom (363 B at 1.8 kB/s)
#12 124.9 [INFO] Downloading from central: https://repo.maven.apache.org/maven2/com/google/guava/guava/16.0.1/guava-16.0.1.pom
#12 125.1 [INFO] Downloaded from central: https://repo.maven.apache.org/maven2/com/google/guava/guava/16.0.1/guava-16.0.1.pom (6.1 kB at 31 kB/s)
#12 125.1 [INFO] Downloading from central: https://repo.maven.apache.org/maven2/com/google/guava/guava-parent/16.0.1/guava-parent-16.0.1.pom
#12 125.3 [INFO] Downloaded from central: https://repo.maven.apache.org/maven2/com/google/guava/guava-parent/16.0.1/guava-parent-16.0.1.pom (7.3 kB at 36 kB/s)
#12 125.3 [INFO] Downloading from central: https://repo.maven.apache.org/maven2/commons-io/commons-io/2.12.0/commons-io-2.12.0.pom
#12 125.5 [INFO] Downloaded from central: https://repo.maven.apache.org/maven2/commons-io/commons-io/2.12.0/commons-io-2.12.0.pom (20 kB at 102 kB/s)
#12 125.5 [INFO] Downloading from central: https://repo.maven.apache.org/maven2/org/apache/commons/commons-parent/57/commons-parent-57.pom
#12 125.7 [INFO] Downloaded from central: https://repo.maven.apache.org/maven2/org/apache/commons/commons-parent/57/commons-parent-57.pom (83 kB at 395 kB/s)
#12 125.7 [INFO] Downloading from central: https://repo.maven.apache.org/maven2/org/apache/maven/surefire/maven-surefire-common/3.1.2/maven-surefire-common-3.1.2.jar
#12 126.0 [INFO] Downloaded from central: https://repo.maven.apache.org/maven2/org/apache/maven/surefire/maven-surefire-common/3.1.2/maven-surefire-common-3.1.2.jar (306 kB at 1.4 MB/s)
#12 126.0 [INFO] Downloading from central: https://repo.maven.apache.org/maven2/org/apache/maven/surefire/surefire-api/3.1.2/surefire-api-3.1.2.jar
#12 126.0 [INFO] Downloading from central: https://repo.maven.apache.org/maven2/org/apache/maven/surefire/surefire-logger-api/3.1.2/surefire-logger-api-3.1.2.jar
#12 126.0 [INFO] Downloading from central: https://repo.maven.apache.org/maven2/org/apache/maven/surefire/surefire-extensions-api/3.1.2/surefire-extensions-api-3.1.2.jar
#12 126.0 [INFO] Downloading from central: https://repo.maven.apache.org/maven2/org/apache/maven/surefire/surefire-booter/3.1.2/surefire-booter-3.1.2.jar
#12 126.0 [INFO] Downloading from central: https://repo.maven.apache.org/maven2/org/apache/maven/surefire/surefire-extensions-spi/3.1.2/surefire-extensions-spi-3.1.2.jar
#12 126.2 [INFO] Downloaded from central: https://repo.maven.apache.org/maven2/org/apache/maven/surefire/surefire-extensions-spi/3.1.2/surefire-extensions-spi-3.1.2.jar (8.2 kB at 40 kB/s)
#12 126.2 [INFO] Downloading from central: https://repo.maven.apache.org/maven2/org/eclipse/aether/aether-util/1.0.0.v20140518/aether-util-1.0.0.v20140518.jar
#12 126.2 [INFO] Downloaded from central: https://repo.maven.apache.org/maven2/org/apache/maven/surefire/surefire-extensions-api/3.1.2/surefire-extensions-api-3.1.2.jar (26 kB at 121 kB/s)
#12 126.2 [INFO] Downloading from central: https://repo.maven.apache.org/maven2/org/eclipse/aether/aether-api/1.0.0.v20140518/aether-api-1.0.0.v20140518.jar
#12 126.2 [INFO] Downloaded from central: https://repo.maven.apache.org/maven2/org/apache/maven/surefire/surefire-api/3.1.2/surefire-api-3.1.2.jar (171 kB at 789 kB/s)
#12 126.2 [INFO] Downloading from central: https://repo.maven.apache.org/maven2/org/apache/maven/shared/maven-common-artifact-filters/3.1.1/maven-common-artifact-filters-3.1.1.jar
#12 126.2 [INFO] Downloaded from central: https://repo.maven.apache.org/maven2/org/apache/maven/surefire/surefire-booter/3.1.2/surefire-booter-3.1.2.jar (118 kB at 539 kB/s)
#12 126.2 [INFO] Downloading from central: https://repo.maven.apache.org/maven2/commons-io/commons-io/2.12.0/commons-io-2.12.0.jar
#12 126.2 [INFO] Downloaded from central: https://repo.maven.apache.org/maven2/org/apache/maven/surefire/surefire-logger-api/3.1.2/surefire-logger-api-3.1.2.jar (14 kB at 61 kB/s)
#12 126.2 [INFO] Downloading from central: https://repo.maven.apache.org/maven2/org/apache/maven/surefire/surefire-shared-utils/3.1.2/surefire-shared-utils-3.1.2.jar
#12 126.4 [INFO] Downloaded from central: https://repo.maven.apache.org/maven2/org/apache/maven/shared/maven-common-artifact-filters/3.1.1/maven-common-artifact-filters-3.1.1.jar (61 kB at 140 kB/s)
#12 126.4 [INFO] Downloaded from central: https://repo.maven.apache.org/maven2/org/eclipse/aether/aether-util/1.0.0.v20140518/aether-util-1.0.0.v20140518.jar (146 kB at 334 kB/s)
#12 126.4 [INFO] Downloaded from central: https://repo.maven.apache.org/maven2/org/eclipse/aether/aether-api/1.0.0.v20140518/aether-api-1.0.0.v20140518.jar (136 kB at 310 kB/s)
#12 126.5 [INFO] Downloaded from central: https://repo.maven.apache.org/maven2/commons-io/commons-io/2.12.0/commons-io-2.12.0.jar (474 kB at 932 kB/s)
#12 126.9 [INFO] Downloaded from central: https://repo.maven.apache.org/maven2/org/apache/maven/surefire/surefire-shared-utils/3.1.2/surefire-shared-utils-3.1.2.jar (2.3 MB at 2.5 MB/s)
#12 126.9 [INFO] Tests are skipped.
#12 126.9 [INFO] 
#12 126.9 [INFO] --- jar:3.3.0:jar (default-jar) @ backend ---
#12 126.9 [INFO] Downloading from central: https://repo.maven.apache.org/maven2/org/apache/maven/shared/file-management/3.1.0/file-management-3.1.0.pom
#12 127.2 [INFO] Downloaded from central: https://repo.maven.apache.org/maven2/org/apache/maven/shared/file-management/3.1.0/file-management-3.1.0.pom (4.5 kB at 21 kB/s)
#12 127.2 [INFO] Downloading from central: https://repo.maven.apache.org/maven2/org/apache/maven/shared/maven-shared-components/36/maven-shared-components-36.pom
#12 127.4 [INFO] Downloaded from central: https://repo.maven.apache.org/maven2/org/apache/maven/shared/maven-shared-components/36/maven-shared-components-36.pom (4.9 kB at 24 kB/s)
#12 127.4 [INFO] Downloading from central: https://repo.maven.apache.org/maven2/org/apache/maven/maven-parent/36/maven-parent-36.pom
#12 127.6 [INFO] Downloaded from central: https://repo.maven.apache.org/maven2/org/apache/maven/maven-parent/36/maven-parent-36.pom (45 kB at 214 kB/s)
#12 127.6 [INFO] Downloading from central: https://repo.maven.apache.org/maven2/org/apache/apache/26/apache-26.pom
#12 127.8 [INFO] Downloaded from central: https://repo.maven.apache.org/maven2/org/apache/apache/26/apache-26.pom (21 kB at 97 kB/s)
#12 127.8 [INFO] Downloading from central: https://repo.maven.apache.org/maven2/org/codehaus/plexus/plexus-utils/3.3.0/plexus-utils-3.3.0.pom
#12 128.0 [INFO] Downloaded from central: https://repo.maven.apache.org/maven2/org/codehaus/plexus/plexus-utils/3.3.0/plexus-utils-3.3.0.pom (5.2 kB at 24 kB/s)
#12 128.0 [INFO] Downloading from central: https://repo.maven.apache.org/maven2/org/apache/maven/maven-archiver/3.6.0/maven-archiver-3.6.0.pom
#12 128.2 [INFO] Downloaded from central: https://repo.maven.apache.org/maven2/org/apache/maven/maven-archiver/3.6.0/maven-archiver-3.6.0.pom (3.9 kB at 19 kB/s)
#12 128.2 [INFO] Downloading from central: https://repo.maven.apache.org/maven2/org/codehaus/plexus/plexus-io/3.4.0/plexus-io-3.4.0.pom
#12 129.2 [INFO] Downloaded from central: https://repo.maven.apache.org/maven2/org/codehaus/plexus/plexus-io/3.4.0/plexus-io-3.4.0.pom (6.0 kB at 6.2 kB/s)
#12 129.2 [INFO] Downloading from central: https://repo.maven.apache.org/maven2/org/codehaus/plexus/plexus-archiver/4.4.0/plexus-archiver-4.4.0.pom
#12 129.4 [INFO] Downloaded from central: https://repo.maven.apache.org/maven2/org/codehaus/plexus/plexus-archiver/4.4.0/plexus-archiver-4.4.0.pom (6.3 kB at 31 kB/s)
#12 129.4 [INFO] Downloading from central: https://repo.maven.apache.org/maven2/org/apache/commons/commons-compress/1.21/commons-compress-1.21.pom
#12 129.6 [INFO] Downloaded from central: https://repo.maven.apache.org/maven2/org/apache/commons/commons-compress/1.21/commons-compress-1.21.pom (20 kB at 96 kB/s)
#12 129.6 [INFO] Downloading from central: https://repo.maven.apache.org/maven2/org/iq80/snappy/snappy/0.4/snappy-0.4.pom
#12 129.8 [INFO] Downloaded from central: https://repo.maven.apache.org/maven2/org/iq80/snappy/snappy/0.4/snappy-0.4.pom (15 kB at 69 kB/s)
#12 129.8 [INFO] Downloading from central: https://repo.maven.apache.org/maven2/org/tukaani/xz/1.9/xz-1.9.pom
#12 130.0 [INFO] Downloaded from central: https://repo.maven.apache.org/maven2/org/tukaani/xz/1.9/xz-1.9.pom (2.0 kB at 9.9 kB/s)
#12 130.0 [INFO] Downloading from central: https://repo.maven.apache.org/maven2/org/codehaus/plexus/plexus-utils/3.4.2/plexus-utils-3.4.2.pom
#12 130.2 [INFO] Downloaded from central: https://repo.maven.apache.org/maven2/org/codehaus/plexus/plexus-utils/3.4.2/plexus-utils-3.4.2.pom (8.2 kB at 40 kB/s)
#12 130.2 [INFO] Downloading from central: https://repo.maven.apache.org/maven2/org/codehaus/plexus/plexus/8/plexus-8.pom
#12 130.5 [INFO] Downloaded from central: https://repo.maven.apache.org/maven2/org/codehaus/plexus/plexus/8/plexus-8.pom (25 kB at 123 kB/s)
#12 130.5 [INFO] Downloading from central: https://repo.maven.apache.org/maven2/org/apache/maven/shared/file-management/3.1.0/file-management-3.1.0.jar
#12 130.7 [INFO] Downloaded from central: https://repo.maven.apache.org/maven2/org/apache/maven/shared/file-management/3.1.0/file-management-3.1.0.jar (36 kB at 168 kB/s)
#12 130.7 [INFO] Downloading from central: https://repo.maven.apache.org/maven2/org/apache/maven/maven-archiver/3.6.0/maven-archiver-3.6.0.jar
#12 130.7 [INFO] Downloading from central: https://repo.maven.apache.org/maven2/org/codehaus/plexus/plexus-io/3.4.0/plexus-io-3.4.0.jar
#12 130.7 [INFO] Downloading from central: https://repo.maven.apache.org/maven2/org/codehaus/plexus/plexus-archiver/4.4.0/plexus-archiver-4.4.0.jar
#12 130.7 [INFO] Downloading from central: https://repo.maven.apache.org/maven2/org/apache/commons/commons-compress/1.21/commons-compress-1.21.jar
#12 130.7 [INFO] Downloading from central: https://repo.maven.apache.org/maven2/org/iq80/snappy/snappy/0.4/snappy-0.4.jar
#12 130.9 [INFO] Downloaded from central: https://repo.maven.apache.org/maven2/org/codehaus/plexus/plexus-io/3.4.0/plexus-io-3.4.0.jar (79 kB at 371 kB/s)
#12 130.9 [INFO] Downloading from central: https://repo.maven.apache.org/maven2/org/tukaani/xz/1.9/xz-1.9.jar
#12 130.9 [INFO] Downloaded from central: https://repo.maven.apache.org/maven2/org/iq80/snappy/snappy/0.4/snappy-0.4.jar (58 kB at 270 kB/s)
#12 130.9 [INFO] Downloading from central: https://repo.maven.apache.org/maven2/org/codehaus/plexus/plexus-utils/3.4.2/plexus-utils-3.4.2.jar
#12 130.9 [INFO] Downloaded from central: https://repo.maven.apache.org/maven2/org/apache/maven/maven-archiver/3.6.0/maven-archiver-3.6.0.jar (26 kB at 117 kB/s)
#12 130.9 [INFO] Downloaded from central: https://repo.maven.apache.org/maven2/org/codehaus/plexus/plexus-archiver/4.4.0/plexus-archiver-4.4.0.jar (211 kB at 897 kB/s)
#12 131.0 [INFO] Downloaded from central: https://repo.maven.apache.org/maven2/org/apache/commons/commons-compress/1.21/commons-compress-1.21.jar (1.0 MB at 3.0 MB/s)
#12 131.1 [INFO] Downloaded from central: https://repo.maven.apache.org/maven2/org/tukaani/xz/1.9/xz-1.9.jar (116 kB at 260 kB/s)
#12 131.1 [INFO] Downloaded from central: https://repo.maven.apache.org/maven2/org/codehaus/plexus/plexus-utils/3.4.2/plexus-utils-3.4.2.jar (267 kB at 591 kB/s)
#12 131.2 [INFO] Building jar: /workspace/target/backend-0.0.1-SNAPSHOT.jar
#12 131.3 [INFO] 
#12 131.3 [INFO] --- spring-boot:3.2.12:repackage (repackage) @ backend ---
#12 131.3 [INFO] Downloading from central: https://repo.maven.apache.org/maven2/org/springframework/boot/spring-boot-buildpack-platform/3.2.12/spring-boot-buildpack-platform-3.2.12.pom
#12 131.5 [INFO] Downloaded from central: https://repo.maven.apache.org/maven2/org/springframework/boot/spring-boot-buildpack-platform/3.2.12/spring-boot-buildpack-platform-3.2.12.pom (3.2 kB at 16 kB/s)
#12 131.5 [INFO] Downloading from central: https://repo.maven.apache.org/maven2/com/fasterxml/jackson/core/jackson-databind/2.14.2/jackson-databind-2.14.2.pom
#12 131.7 [INFO] Downloaded from central: https://repo.maven.apache.org/maven2/com/fasterxml/jackson/core/jackson-databind/2.14.2/jackson-databind-2.14.2.pom (19 kB at 96 kB/s)
#12 131.7 [INFO] Downloading from central: https://repo.maven.apache.org/maven2/com/fasterxml/jackson/jackson-base/2.14.2/jackson-base-2.14.2.pom
#12 131.9 [INFO] Downloaded from central: https://repo.maven.apache.org/maven2/com/fasterxml/jackson/jackson-base/2.14.2/jackson-base-2.14.2.pom (10 kB at 51 kB/s)
#12 131.9 [INFO] Downloading from central: https://repo.maven.apache.org/maven2/com/fasterxml/jackson/jackson-bom/2.14.2/jackson-bom-2.14.2.pom
#12 132.1 [INFO] Downloaded from central: https://repo.maven.apache.org/maven2/com/fasterxml/jackson/jackson-bom/2.14.2/jackson-bom-2.14.2.pom (17 kB at 89 kB/s)
#12 132.1 [INFO] Downloading from central: https://repo.maven.apache.org/maven2/com/fasterxml/jackson/jackson-parent/2.14/jackson-parent-2.14.pom
#12 132.3 [INFO] Downloaded from central: https://repo.maven.apache.org/maven2/com/fasterxml/jackson/jackson-parent/2.14/jackson-parent-2.14.pom (7.7 kB at 39 kB/s)
#12 132.3 [INFO] Downloading from central: https://repo.maven.apache.org/maven2/com/fasterxml/oss-parent/48/oss-parent-48.pom
#12 132.5 [INFO] Downloaded from central: https://repo.maven.apache.org/maven2/com/fasterxml/oss-parent/48/oss-parent-48.pom (24 kB at 120 kB/s)
#12 132.5 [INFO] Downloading from central: https://repo.maven.apache.org/maven2/com/fasterxml/jackson/core/jackson-annotations/2.14.2/jackson-annotations-2.14.2.pom
#12 132.7 [INFO] Downloaded from central: https://repo.maven.apache.org/maven2/com/fasterxml/jackson/core/jackson-annotations/2.14.2/jackson-annotations-2.14.2.pom (6.2 kB at 32 kB/s)
#12 132.7 [INFO] Downloading from central: https://repo.maven.apache.org/maven2/com/fasterxml/jackson/core/jackson-core/2.14.2/jackson-core-2.14.2.pom
#12 132.9 [INFO] Downloaded from central: https://repo.maven.apache.org/maven2/com/fasterxml/jackson/core/jackson-core/2.14.2/jackson-core-2.14.2.pom (7.0 kB at 35 kB/s)
#12 132.9 [INFO] Downloading from central: https://repo.maven.apache.org/maven2/com/fasterxml/jackson/module/jackson-module-parameter-names/2.14.2/jackson-module-parameter-names-2.14.2.pom
#12 133.1 [INFO] Downloaded from central: https://repo.maven.apache.org/maven2/com/fasterxml/jackson/module/jackson-module-parameter-names/2.14.2/jackson-module-parameter-names-2.14.2.pom (4.4 kB at 21 kB/s)
#12 133.1 [INFO] Downloading from central: https://repo.maven.apache.org/maven2/com/fasterxml/jackson/module/jackson-modules-java8/2.14.2/jackson-modules-java8-2.14.2.pom
#12 133.3 [INFO] Downloaded from central: https://repo.maven.apache.org/maven2/com/fasterxml/jackson/module/jackson-modules-java8/2.14.2/jackson-modules-java8-2.14.2.pom (3.1 kB at 15 kB/s)
#12 133.3 [INFO] Downloading from central: https://repo.maven.apache.org/maven2/net/java/dev/jna/jna-platform/5.13.0/jna-platform-5.13.0.pom
#12 133.5 [INFO] Downloaded from central: https://repo.maven.apache.org/maven2/net/java/dev/jna/jna-platform/5.13.0/jna-platform-5.13.0.pom (2.3 kB at 11 kB/s)
#12 133.5 [INFO] Downloading from central: https://repo.maven.apache.org/maven2/net/java/dev/jna/jna/5.13.0/jna-5.13.0.pom
#12 133.7 [INFO] Downloaded from central: https://repo.maven.apache.org/maven2/net/java/dev/jna/jna/5.13.0/jna-5.13.0.pom (2.0 kB at 10 kB/s)
#12 133.7 [INFO] Downloading from central: https://repo.maven.apache.org/maven2/org/apache/httpcomponents/client5/httpclient5/5.2.3/httpclient5-5.2.3.pom
#12 133.9 [INFO] Downloaded from central: https://repo.maven.apache.org/maven2/org/apache/httpcomponents/client5/httpclient5/5.2.3/httpclient5-5.2.3.pom (6.0 kB at 30 kB/s)
#12 133.9 [INFO] Downloading from central: https://repo.maven.apache.org/maven2/org/apache/httpcomponents/client5/httpclient5-parent/5.2.3/httpclient5-parent-5.2.3.pom
#12 134.1 [INFO] Downloaded from central: https://repo.maven.apache.org/maven2/org/apache/httpcomponents/client5/httpclient5-parent/5.2.3/httpclient5-parent-5.2.3.pom (17 kB at 83 kB/s)
#12 134.1 [INFO] Downloading from central: https://repo.maven.apache.org/maven2/org/apache/httpcomponents/httpcomponents-parent/13/httpcomponents-parent-13.pom
#12 134.3 [INFO] Downloaded from central: https://repo.maven.apache.org/maven2/org/apache/httpcomponents/httpcomponents-parent/13/httpcomponents-parent-13.pom (30 kB at 150 kB/s)
#12 134.3 [INFO] Downloading from central: https://repo.maven.apache.org/maven2/org/apache/httpcomponents/core5/httpcore5/5.2.4/httpcore5-5.2.4.pom
#12 134.5 [INFO] Downloaded from central: https://repo.maven.apache.org/maven2/org/apache/httpcomponents/core5/httpcore5/5.2.4/httpcore5-5.2.4.pom (3.9 kB at 20 kB/s)
#12 134.5 [INFO] Downloading from central: https://repo.maven.apache.org/maven2/org/apache/httpcomponents/core5/httpcore5-parent/5.2.4/httpcore5-parent-5.2.4.pom
#12 134.7 [INFO] Downloaded from central: https://repo.maven.apache.org/maven2/org/apache/httpcomponents/core5/httpcore5-parent/5.2.4/httpcore5-parent-5.2.4.pom (14 kB at 66 kB/s)
#12 134.7 [INFO] Downloading from central: https://repo.maven.apache.org/maven2/org/apache/httpcomponents/core5/httpcore5-h2/5.2.4/httpcore5-h2-5.2.4.pom
#12 134.9 [INFO] Downloaded from central: https://repo.maven.apache.org/maven2/org/apache/httpcomponents/core5/httpcore5-h2/5.2.4/httpcore5-h2-5.2.4.pom (3.6 kB at 18 kB/s)
#12 134.9 [INFO] Downloading from central: https://repo.maven.apache.org/maven2/org/springframework/spring-core/6.0.23/spring-core-6.0.23.pom
#12 135.1 [INFO] Downloaded from central: https://repo.maven.apache.org/maven2/org/springframework/spring-core/6.0.23/spring-core-6.0.23.pom (2.0 kB at 9.9 kB/s)
#12 135.1 [INFO] Downloading from central: https://repo.maven.apache.org/maven2/org/springframework/spring-jcl/6.0.23/spring-jcl-6.0.23.pom
#12 135.3 [INFO] Downloaded from central: https://repo.maven.apache.org/maven2/org/springframework/spring-jcl/6.0.23/spring-jcl-6.0.23.pom (1.8 kB at 9.3 kB/s)
#12 135.3 [INFO] Downloading from central: https://repo.maven.apache.org/maven2/org/tomlj/tomlj/1.0.0/tomlj-1.0.0.pom
#12 135.5 [INFO] Downloaded from central: https://repo.maven.apache.org/maven2/org/tomlj/tomlj/1.0.0/tomlj-1.0.0.pom (2.8 kB at 14 kB/s)
#12 135.5 [INFO] Downloading from central: https://repo.maven.apache.org/maven2/org/antlr/antlr4-runtime/4.7.2/antlr4-runtime-4.7.2.pom
#12 135.7 [INFO] Downloaded from central: https://repo.maven.apache.org/maven2/org/antlr/antlr4-runtime/4.7.2/antlr4-runtime-4.7.2.pom (3.6 kB at 18 kB/s)
#12 135.7 [INFO] Downloading from central: https://repo.maven.apache.org/maven2/org/antlr/antlr4-master/4.7.2/antlr4-master-4.7.2.pom
#12 135.9 [INFO] Downloaded from central: https://repo.maven.apache.org/maven2/org/antlr/antlr4-master/4.7.2/antlr4-master-4.7.2.pom (4.4 kB at 22 kB/s)
#12 135.9 [INFO] Downloading from central: https://repo.maven.apache.org/maven2/com/google/code/findbugs/jsr305/3.0.2/jsr305-3.0.2.pom
#12 136.1 [INFO] Downloaded from central: https://repo.maven.apache.org/maven2/com/google/code/findbugs/jsr305/3.0.2/jsr305-3.0.2.pom (4.3 kB at 21 kB/s)
#12 136.1 [INFO] Downloading from central: https://repo.maven.apache.org/maven2/org/springframework/boot/spring-boot-loader-tools/3.2.12/spring-boot-loader-tools-3.2.12.pom
#12 136.3 [INFO] Downloaded from central: https://repo.maven.apache.org/maven2/org/springframework/boot/spring-boot-loader-tools/3.2.12/spring-boot-loader-tools-3.2.12.pom (2.2 kB at 11 kB/s)
#12 136.3 [INFO] Downloading from central: https://repo.maven.apache.org/maven2/org/apache/maven/shared/maven-common-artifact-filters/3.3.2/maven-common-artifact-filters-3.3.2.pom
#12 136.6 [INFO] Downloaded from central: https://repo.maven.apache.org/maven2/org/apache/maven/shared/maven-common-artifact-filters/3.3.2/maven-common-artifact-filters-3.3.2.pom (5.3 kB at 25 kB/s)
#12 136.6 [INFO] Downloading from central: https://repo.maven.apache.org/maven2/org/apache/maven/shared/maven-shared-components/37/maven-shared-components-37.pom
#12 136.8 [INFO] Downloaded from central: https://repo.maven.apache.org/maven2/org/apache/maven/shared/maven-shared-components/37/maven-shared-components-37.pom (4.9 kB at 24 kB/s)
#12 136.8 [INFO] Downloading from central: https://repo.maven.apache.org/maven2/io/micrometer/micrometer-observation/1.12.12/micrometer-observation-1.12.12.pom
#12 137.0 [INFO] Downloaded from central: https://repo.maven.apache.org/maven2/io/micrometer/micrometer-observation/1.12.12/micrometer-observation-1.12.12.pom (3.9 kB at 19 kB/s)
#12 137.0 [INFO] Downloading from central: https://repo.maven.apache.org/maven2/io/micrometer/micrometer-commons/1.12.12/micrometer-commons-1.12.12.pom
#12 137.2 [INFO] Downloaded from central: https://repo.maven.apache.org/maven2/io/micrometer/micrometer-commons/1.12.12/micrometer-commons-1.12.12.pom (3.4 kB at 17 kB/s)
#12 137.2 [INFO] Downloading from central: https://repo.maven.apache.org/maven2/org/apache/maven/plugins/maven-shade-plugin/3.5.0/maven-shade-plugin-3.5.0.pom
#12 137.4 [INFO] Downloaded from central: https://repo.maven.apache.org/maven2/org/apache/maven/plugins/maven-shade-plugin/3.5.0/maven-shade-plugin-3.5.0.pom (12 kB at 61 kB/s)
#12 137.4 [INFO] Downloading from central: https://repo.maven.apache.org/maven2/org/slf4j/slf4j-api/1.7.32/slf4j-api-1.7.32.pom
#12 137.6 [INFO] Downloaded from central: https://repo.maven.apache.org/maven2/org/slf4j/slf4j-api/1.7.32/slf4j-api-1.7.32.pom (3.8 kB at 19 kB/s)
#12 137.6 [INFO] Downloading from central: https://repo.maven.apache.org/maven2/org/slf4j/slf4j-parent/1.7.32/slf4j-parent-1.7.32.pom
#12 137.8 [INFO] Downloaded from central: https://repo.maven.apache.org/maven2/org/slf4j/slf4j-parent/1.7.32/slf4j-parent-1.7.32.pom (14 kB at 66 kB/s)
#12 137.8 [INFO] Downloading from central: https://repo.maven.apache.org/maven2/org/ow2/asm/asm/9.5/asm-9.5.pom
#12 138.0 [INFO] Downloaded from central: https://repo.maven.apache.org/maven2/org/ow2/asm/asm/9.5/asm-9.5.pom (2.4 kB at 12 kB/s)
#12 138.0 [INFO] Downloading from central: https://repo.maven.apache.org/maven2/org/ow2/asm/asm-commons/9.5/asm-commons-9.5.pom
#12 138.2 [INFO] Downloaded from central: https://repo.maven.apache.org/maven2/org/ow2/asm/asm-commons/9.5/asm-commons-9.5.pom (2.8 kB at 14 kB/s)
#12 138.2 [INFO] Downloading from central: https://repo.maven.apache.org/maven2/org/ow2/asm/asm-tree/9.5/asm-tree-9.5.pom
#12 138.4 [INFO] Downloaded from central: https://repo.maven.apache.org/maven2/org/ow2/asm/asm-tree/9.5/asm-tree-9.5.pom (2.6 kB at 13 kB/s)
#12 138.4 [INFO] Downloading from central: https://repo.maven.apache.org/maven2/org/jdom/jdom2/2.0.6.1/jdom2-2.0.6.1.pom
#12 138.6 [INFO] Downloaded from central: https://repo.maven.apache.org/maven2/org/jdom/jdom2/2.0.6.1/jdom2-2.0.6.1.pom (4.6 kB at 23 kB/s)
#12 138.6 [INFO] Downloading from central: https://repo.maven.apache.org/maven2/org/apache/maven/shared/maven-dependency-tree/3.2.1/maven-dependency-tree-3.2.1.pom
#12 138.8 [INFO] Downloaded from central: https://repo.maven.apache.org/maven2/org/apache/maven/shared/maven-dependency-tree/3.2.1/maven-dependency-tree-3.2.1.pom (6.2 kB at 31 kB/s)
#12 138.8 [INFO] Downloading from central: https://repo.maven.apache.org/maven2/commons-io/commons-io/2.13.0/commons-io-2.13.0.pom
#12 139.0 [INFO] Downloaded from central: https://repo.maven.apache.org/maven2/commons-io/commons-io/2.13.0/commons-io-2.13.0.pom (20 kB at 95 kB/s)
#12 139.0 [INFO] Downloading from central: https://repo.maven.apache.org/maven2/org/apache/commons/commons-parent/58/commons-parent-58.pom
#12 139.2 [INFO] Downloaded from central: https://repo.maven.apache.org/maven2/org/apache/commons/commons-parent/58/commons-parent-58.pom (83 kB at 394 kB/s)
#12 139.2 [INFO] Downloading from central: https://repo.maven.apache.org/maven2/org/vafer/jdependency/2.8.0/jdependency-2.8.0.pom
#12 139.5 [INFO] Downloaded from central: https://repo.maven.apache.org/maven2/org/vafer/jdependency/2.8.0/jdependency-2.8.0.pom (14 kB at 59 kB/s)
#12 139.5 [INFO] Downloading from central: https://repo.maven.apache.org/maven2/org/apache/commons/commons-collections4/4.4/commons-collections4-4.4.pom
#12 139.7 [INFO] Downloaded from central: https://repo.maven.apache.org/maven2/org/apache/commons/commons-collections4/4.4/commons-collections4-4.4.pom (24 kB at 117 kB/s)
#12 139.7 [INFO] Downloading from central: https://repo.maven.apache.org/maven2/org/apache/commons/commons-parent/48/commons-parent-48.pom
#12 139.9 [INFO] Downloaded from central: https://repo.maven.apache.org/maven2/org/apache/commons/commons-parent/48/commons-parent-48.pom (72 kB at 353 kB/s)
#12 139.9 [INFO] Downloading from central: https://repo.maven.apache.org/maven2/org/springframework/boot/spring-boot-buildpack-platform/3.2.12/spring-boot-buildpack-platform-3.2.12.jar
#12 140.1 [INFO] Downloaded from central: https://repo.maven.apache.org/maven2/org/springframework/boot/spring-boot-buildpack-platform/3.2.12/spring-boot-buildpack-platform-3.2.12.jar (296 kB at 1.3 MB/s)
#12 140.1 [INFO] Downloading from central: https://repo.maven.apache.org/maven2/com/fasterxml/jackson/core/jackson-databind/2.14.2/jackson-databind-2.14.2.jar
#12 140.1 [INFO] Downloading from central: https://repo.maven.apache.org/maven2/com/fasterxml/jackson/core/jackson-annotations/2.14.2/jackson-annotations-2.14.2.jar
#12 140.1 [INFO] Downloading from central: https://repo.maven.apache.org/maven2/com/fasterxml/jackson/core/jackson-core/2.14.2/jackson-core-2.14.2.jar
#12 140.1 [INFO] Downloading from central: https://repo.maven.apache.org/maven2/com/fasterxml/jackson/module/jackson-module-parameter-names/2.14.2/jackson-module-parameter-names-2.14.2.jar
#12 140.1 [INFO] Downloading from central: https://repo.maven.apache.org/maven2/net/java/dev/jna/jna-platform/5.13.0/jna-platform-5.13.0.jar
#12 140.3 [INFO] Downloaded from central: https://repo.maven.apache.org/maven2/com/fasterxml/jackson/core/jackson-annotations/2.14.2/jackson-annotations-2.14.2.jar (77 kB at 356 kB/s)
#12 140.3 [INFO] Downloading from central: https://repo.maven.apache.org/maven2/net/java/dev/jna/jna/5.13.0/jna-5.13.0.jar
#12 140.3 [INFO] Downloaded from central: https://repo.maven.apache.org/maven2/com/fasterxml/jackson/module/jackson-module-parameter-names/2.14.2/jackson-module-parameter-names-2.14.2.jar (9.5 kB at 43 kB/s)
#12 140.3 [INFO] Downloading from central: https://repo.maven.apache.org/maven2/org/apache/httpcomponents/client5/httpclient5/5.2.3/httpclient5-5.2.3.jar
#12 140.4 [INFO] Downloaded from central: https://repo.maven.apache.org/maven2/com/fasterxml/jackson/core/jackson-core/2.14.2/jackson-core-2.14.2.jar (459 kB at 1.5 MB/s)
#12 140.4 [INFO] Downloading from central: https://repo.maven.apache.org/maven2/org/apache/httpcomponents/core5/httpcore5/5.2.4/httpcore5-5.2.4.jar
#12 140.5 [INFO] Downloaded from central: https://repo.maven.apache.org/maven2/com/fasterxml/jackson/core/jackson-databind/2.14.2/jackson-databind-2.14.2.jar (1.6 MB at 4.2 MB/s)
#12 140.5 [INFO] Downloading from central: https://repo.maven.apache.org/maven2/org/apache/httpcomponents/core5/httpcore5-h2/5.2.4/httpcore5-h2-5.2.4.jar
#12 140.7 [INFO] Downloaded from central: https://repo.maven.apache.org/maven2/net/java/dev/jna/jna-platform/5.13.0/jna-platform-5.13.0.jar (1.4 MB at 2.5 MB/s)
#12 140.7 [INFO] Downloading from central: https://repo.maven.apache.org/maven2/org/tomlj/tomlj/1.0.0/tomlj-1.0.0.jar
#12 140.7 [INFO] Downloaded from central: https://repo.maven.apache.org/maven2/org/apache/httpcomponents/client5/httpclient5/5.2.3/httpclient5-5.2.3.jar (843 kB at 1.4 MB/s)
#12 140.7 [INFO] Downloading from central: https://repo.maven.apache.org/maven2/org/antlr/antlr4-runtime/4.7.2/antlr4-runtime-4.7.2.jar
#12 140.8 [INFO] Downloaded from central: https://repo.maven.apache.org/maven2/org/apache/httpcomponents/core5/httpcore5-h2/5.2.4/httpcore5-h2-5.2.4.jar (237 kB at 343 kB/s)
#12 140.8 [INFO] Downloading from central: https://repo.maven.apache.org/maven2/com/google/code/findbugs/jsr305/3.0.2/jsr305-3.0.2.jar
#12 140.8 [INFO] Downloaded from central: https://repo.maven.apache.org/maven2/org/apache/httpcomponents/core5/httpcore5/5.2.4/httpcore5-5.2.4.jar (855 kB at 1.2 MB/s)
#12 140.8 [INFO] Downloading from central: https://repo.maven.apache.org/maven2/org/springframework/boot/spring-boot-loader-tools/3.2.12/spring-boot-loader-tools-3.2.12.jar
#12 140.9 [INFO] Downloaded from central: https://repo.maven.apache.org/maven2/net/java/dev/jna/jna/5.13.0/jna-5.13.0.jar (1.9 MB at 2.4 MB/s)
#12 140.9 [INFO] Downloading from central: https://repo.maven.apache.org/maven2/org/apache/maven/shared/maven-common-artifact-filters/3.3.2/maven-common-artifact-filters-3.3.2.jar
#12 140.9 [INFO] Downloaded from central: https://repo.maven.apache.org/maven2/org/tomlj/tomlj/1.0.0/tomlj-1.0.0.jar (157 kB at 196 kB/s)
#12 140.9 [INFO] Downloading from central: https://repo.maven.apache.org/maven2/io/micrometer/micrometer-observation/1.12.12/micrometer-observation-1.12.12.jar
#12 141.0 [INFO] Downloaded from central: https://repo.maven.apache.org/maven2/org/antlr/antlr4-runtime/4.7.2/antlr4-runtime-4.7.2.jar (338 kB at 398 kB/s)
#12 141.0 [INFO] Downloading from central: https://repo.maven.apache.org/maven2/io/micrometer/micrometer-commons/1.12.12/micrometer-commons-1.12.12.jar
#12 141.0 [INFO] Downloaded from central: https://repo.maven.apache.org/maven2/com/google/code/findbugs/jsr305/3.0.2/jsr305-3.0.2.jar (20 kB at 22 kB/s)
#12 141.0 [INFO] Downloading from central: https://repo.maven.apache.org/maven2/org/apache/maven/plugins/maven-shade-plugin/3.5.0/maven-shade-plugin-3.5.0.jar
#12 141.1 [INFO] Downloaded from central: https://repo.maven.apache.org/maven2/org/springframework/boot/spring-boot-loader-tools/3.2.12/spring-boot-loader-tools-3.2.12.jar (442 kB at 451 kB/s)
#12 141.1 [INFO] Downloading from central: https://repo.maven.apache.org/maven2/org/ow2/asm/asm/9.5/asm-9.5.jar
#12 141.1 [INFO] Downloaded from central: https://repo.maven.apache.org/maven2/io/micrometer/micrometer-observation/1.12.12/micrometer-observation-1.12.12.jar (72 kB at 70 kB/s)
#12 141.1 [INFO] Downloading from central: https://repo.maven.apache.org/maven2/org/ow2/asm/asm-commons/9.5/asm-commons-9.5.jar
#12 141.2 [INFO] Downloaded from central: https://repo.maven.apache.org/maven2/io/micrometer/micrometer-commons/1.12.12/micrometer-commons-1.12.12.jar (47 kB at 45 kB/s)
#12 141.2 [INFO] Downloading from central: https://repo.maven.apache.org/maven2/org/ow2/asm/asm-tree/9.5/asm-tree-9.5.jar
#12 141.2 [INFO] Downloaded from central: https://repo.maven.apache.org/maven2/org/apache/maven/plugins/maven-shade-plugin/3.5.0/maven-shade-plugin-3.5.0.jar (147 kB at 133 kB/s)
#12 141.2 [INFO] Downloading from central: https://repo.maven.apache.org/maven2/org/jdom/jdom2/2.0.6.1/jdom2-2.0.6.1.jar
#12 141.3 [INFO] Downloaded from central: https://repo.maven.apache.org/maven2/org/ow2/asm/asm/9.5/asm-9.5.jar (122 kB at 102 kB/s)
#12 141.3 [INFO] Downloading from central: https://repo.maven.apache.org/maven2/org/apache/maven/shared/maven-dependency-tree/3.2.1/maven-dependency-tree-3.2.1.jar
#12 141.4 [INFO] Downloaded from central: https://repo.maven.apache.org/maven2/org/ow2/asm/asm-commons/9.5/asm-commons-9.5.jar (72 kB at 58 kB/s)
#12 141.4 [INFO] Downloading from central: https://repo.maven.apache.org/maven2/commons-io/commons-io/2.13.0/commons-io-2.13.0.jar
#12 141.4 [INFO] Downloaded from central: https://repo.maven.apache.org/maven2/org/ow2/asm/asm-tree/9.5/asm-tree-9.5.jar (52 kB at 41 kB/s)
#12 141.4 [INFO] Downloading from central: https://repo.maven.apache.org/maven2/org/vafer/jdependency/2.8.0/jdependency-2.8.0.jar
#12 141.5 [INFO] Downloaded from central: https://repo.maven.apache.org/maven2/org/jdom/jdom2/2.0.6.1/jdom2-2.0.6.1.jar (328 kB at 247 kB/s)
#12 141.5 [INFO] Downloading from central: https://repo.maven.apache.org/maven2/org/apache/commons/commons-collections4/4.4/commons-collections4-4.4.jar
#12 141.5 [INFO] Downloaded from central: https://repo.maven.apache.org/maven2/org/apache/maven/shared/maven-common-artifact-filters/3.3.2/maven-common-artifact-filters-3.3.2.jar (58 kB at 44 kB/s)
#12 141.5 [INFO] Downloaded from central: https://repo.maven.apache.org/maven2/org/apache/maven/shared/maven-dependency-tree/3.2.1/maven-dependency-tree-3.2.1.jar (43 kB at 30 kB/s)
#12 141.6 [INFO] Downloaded from central: https://repo.maven.apache.org/maven2/org/vafer/jdependency/2.8.0/jdependency-2.8.0.jar (233 kB at 157 kB/s)
#12 141.7 [INFO] Downloaded from central: https://repo.maven.apache.org/maven2/commons-io/commons-io/2.13.0/commons-io-2.13.0.jar (484 kB at 312 kB/s)
#12 141.7 [INFO] Downloaded from central: https://repo.maven.apache.org/maven2/org/apache/commons/commons-collections4/4.4/commons-collections4-4.4.jar (752 kB at 473 kB/s)
#12 141.9 [INFO] Replacing main artifact /workspace/target/backend-0.0.1-SNAPSHOT.jar with repackaged archive, adding nested dependencies in BOOT-INF/.
#12 141.9 [INFO] The original artifact has been renamed to /workspace/target/backend-0.0.1-SNAPSHOT.jar.original
#12 141.9 [INFO] ------------------------------------------------------------------------
#12 141.9 [INFO] BUILD SUCCESS
#12 141.9 [INFO] ------------------------------------------------------------------------
#12 141.9 [INFO] Total time:  02:20 min
#12 141.9 [INFO] Finished at: 2026-05-12T08:34:06Z
#12 141.9 [INFO] ------------------------------------------------------------------------
#12 DONE 142.0s

#13 [stage-1 3/3] COPY --from=build /workspace/target/backend-0.0.1-SNAPSHOT.jar /app/app.jar
#13 DONE 0.1s

#14 exporting to image
#14 exporting layers
#14 exporting layers 0.7s done
#14 exporting manifest sha256:8cd37b89cdeab0533faddf0c7509ed85285ef4f975b4b02c18a2b9d730dbfedc 0.0s done
#14 exporting config sha256:73aa3a8b98308a1a7cab591211bd70043a5bc5a42c9fa53f2e20b014bb80303d 0.0s done
#14 exporting attestation manifest sha256:3bd0df991e698894792eb35113416f413e677e066ceaa23e7ba247ecd3f7ccb8 0.1s done
#14 exporting manifest list sha256:295a84fec358aea13eb33f4f745495da66badc2d2c55ac9921f1803c88ccaf8f
#14 exporting manifest list sha256:295a84fec358aea13eb33f4f745495da66badc2d2c55ac9921f1803c88ccaf8f 0.0s done
#14 naming to docker.io/library/my-new-project-backend:latest done
#14 unpacking to docker.io/library/my-new-project-backend:latest 0.1s done
#14 DONE 1.1s

#15 resolving provenance for metadata file
#15 DONE 0.0s
 Image my-new-project-backend Built 
